{
  "schema_version": "1.1",
  "aiperf_version": "0.8.0",
  "benchmark_id": "06ecbfff-9dc7-4985-b3a5-d70c73e7a1d1",
  "request_throughput": {
    "unit": "requests/sec",
    "avg": 3.674423551744638
  },
  "request_latency": {
    "unit": "ms",
    "avg": 27630.764676772997,
    "p1": 691.10406757,
    "p5": 1174.00699305,
    "p10": 2152.0481242,
    "p25": 9480.995671249999,
    "p50": 25728.929700999997,
    "p75": 41276.4757705,
    "p90": 56079.531115,
    "p95": 64339.042813299995,
    "p99": 77253.47202717999,
    "min": 438.079754,
    "max": 87661.649224,
    "std": 20513.069754441956,
    "count": 1000,
    "sum": 27630764.676773
  },
  "request_count": {
    "unit": "requests",
    "avg": 1000.0
  },
  "time_to_first_token": {
    "unit": "ms",
    "avg": 17204.814674954,
    "p1": 167.3096649,
    "p5": 294.0714888,
    "p10": 445.6379293,
    "p25": 1981.21399,
    "p50": 13264.995881499999,
    "p75": 30799.774698999998,
    "p90": 38343.45084219999,
    "p95": 48554.02073189999,
    "p99": 50446.30645555999,
    "min": 77.659896,
    "max": 51857.295608,
    "std": 15368.978883619377,
    "count": 1000,
    "sum": 17204814.674954
  },
  "time_to_second_token": {
    "unit": "ms",
    "avg": 122.68486721765295,
    "p1": 26.720604719999997,
    "p5": 32.351883799999996,
    "p10": 34.8737734,
    "p25": 38.850289,
    "p50": 144.149835,
    "p75": 193.904485,
    "p90": 202.49605519999997,
    "p95": 208.03444319999997,
    "p99": 225.07204407999998,
    "min": 21.242032,
    "max": 1014.5901819999999,
    "std": 78.55276858137869,
    "count": 997,
    "sum": 122316.812616
  },
  "inter_token_latency": {
    "unit": "ms",
    "avg": 81.77608186664094,
    "p1": 27.10146356680851,
    "p5": 35.10175029999999,
    "p10": 38.005419859999996,
    "p25": 49.18747576,
    "p50": 74.47861960267856,
    "p75": 90.89127772916667,
    "p90": 145.64354312499995,
    "p95": 195.29502649999998,
    "p99": 207.91392236,
    "min": 23.187063967741935,
    "max": 223.5046045,
    "std": 44.422986726606354,
    "count": 997,
    "sum": 81530.75362104106
  },
  "output_token_throughput": {
    "unit": "tokens/sec",
    "avg": 545.31752489087
  },
  "output_token_throughput_per_user": {
    "unit": "tokens/sec/user",
    "avg": 15.611564991612314,
    "p1": 4.809683169984024,
    "p5": 5.120458433807423,
    "p10": 6.866156184969755,
    "p25": 11.002155817192387,
    "p50": 13.426672048095206,
    "p75": 20.3303785069047,
    "p90": 26.312037218814197,
    "p95": 28.48870088658342,
    "p99": 36.89940433025763,
    "min": 4.474180754517744,
    "max": 43.12749563253068,
    "std": 7.507790062162997,
    "count": 997,
    "sum": 15564.730296637468
  },
  "output_sequence_length": {
    "unit": "tokens",
    "avg": 148.409,
    "p1": 3.0,
    "p5": 3.0,
    "p10": 3.0,
    "p25": 3.0,
    "p50": 26.0,
    "p75": 306.0,
    "p90": 481.0,
    "p95": 549.05,
    "p99": 745.0,
    "min": 1.0,
    "max": 1133.0,
    "std": 204.84442808873274,
    "count": 1000,
    "sum": 148409.0
  },
  "input_sequence_length": {
    "unit": "tokens",
    "avg": 5973.935,
    "p1": 893.0,
    "p5": 1006.5,
    "p10": 1884.0,
    "p25": 3192.75,
    "p50": 6202.0,
    "p75": 7086.25,
    "p90": 9576.0,
    "p95": 12093.899999999998,
    "p99": 15394.539999999999,
    "min": 890.0,
    "max": 16086.0,
    "std": 3106.0053162824756,
    "count": 1000,
    "sum": 5973935.0
  },
  "output_token_count": {
    "unit": "tokens",
    "avg": 148.409,
    "p1": 3.0,
    "p5": 3.0,
    "p10": 3.0,
    "p25": 3.0,
    "p50": 26.0,
    "p75": 306.0,
    "p90": 481.0,
    "p95": 549.05,
    "p99": 745.0,
    "min": 1.0,
    "max": 1133.0,
    "std": 204.84442808873274,
    "count": 1000,
    "sum": 148409.0
  },
  "inter_chunk_latency": {
    "unit": "ms",
    "avg": 70.73380056459087,
    "p1": 22.095094751892503,
    "p5": 24.58859875560701,
    "p10": 27.096507009191598,
    "p25": 32.25127860830458,
    "p50": 36.89443501704856,
    "p75": 42.230321493905606,
    "p90": 202.7076076985599,
    "p95": 216.3250465262656,
    "p99": 241.26054437482676,
    "min": 0.069968,
    "max": 1058.030034,
    "std": 69.67430554561082,
    "count": 147397,
    "sum": 10425950.001819
  },
  "total_output_tokens": {
    "unit": "tokens",
    "avg": 148409.0
  },
  "benchmark_duration": {
    "unit": "sec",
    "avg": 272.15153232
  },
  "total_isl": {
    "unit": "tokens",
    "avg": 5973935.0
  },
  "total_osl": {
    "unit": "tokens",
    "avg": 148409.0
  },
  "telemetry_data": {
    "summary": {
      "endpoints_configured": [],
      "endpoints_successful": [],
      "start_time": "2026-06-05T20:06:14.194997",
      "end_time": "2026-06-05T20:10:48.403007"
    },
    "endpoints": {},
    "error_summary": []
  },
  "input_config": {
    "endpoint": {
      "model_names": [
        "Qwen/Qwen3-8B"
      ],
      "type": "chat",
      "streaming": true,
      "urls": [
        "http://localhost:8000"
      ]
    },
    "input": {
      "file": "mooncake_1k.jsonl",
      "fixed_schedule": true,
      "fixed_schedule_auto_offset": true,
      "custom_dataset_type": "mooncake_trace",
      "prompt": {
        "input_tokens": {
          "block_size": 512
        }
      }
    },
    "output": {
      "artifact_directory": "results/N2/off/run_3"
    },
    "tokenizer": {
      "name": "Qwen/Qwen3-8B",
      "resolved_names": {
        "Qwen/Qwen3-8B": "Qwen/Qwen3-8B"
      }
    },
    "cli_command": "aiperf profile --model 'Qwen/Qwen3-8B' --tokenizer 'Qwen/Qwen3-8B' --endpoint-type 'chat' --streaming -u 'http://localhost:8000' --input-file 'mooncake_1k.jsonl' --custom-dataset-type 'mooncake_trace' --isl-block-size 512 --fixed-schedule --fixed-schedule-auto-offset --artifact-dir 'results/N2/off/run_3'",
    "benchmark_id": "06ecbfff-9dc7-4985-b3a5-d70c73e7a1d1"
  },
  "was_cancelled": false,
  "error_summary": [],
  "start_time": "2026-06-05T20:06:14.194997",
  "end_time": "2026-06-05T20:10:46.385819",
  "http_req_duration": {
    "unit": "ms",
    "avg": 27633.348442611998,
    "p1": 692.09057882,
    "p5": 1175.14545205,
    "p10": 2153.7574633,
    "p25": 9483.263611749999,
    "p50": 25729.7088845,
    "p75": 41278.537916,
    "p90": 56080.057526200006,
    "p95": 64338.997031549996,
    "p99": 77255.71247145999,
    "min": 439.944661,
    "max": 87664.15510599999,
    "std": 20514.50888311905,
    "count": 1000,
    "sum": 27633348.442612
  },
  "http_req_blocked": {
    "unit": "ms",
    "avg": 0.0,
    "p1": 0.0,
    "p5": 0.0,
    "p10": 0.0,
    "p25": 0.0,
    "p50": 0.0,
    "p75": 0.0,
    "p90": 0.0,
    "p95": 0.0,
    "p99": 0.0,
    "min": 0.0,
    "max": 0.0,
    "std": 0.0,
    "count": 1000,
    "sum": 0.0
  },
  "time_to_first_output_token": {
    "unit": "ms",
    "avg": 17204.814674954,
    "p1": 167.3096649,
    "p5": 294.0714888,
    "p10": 445.6379293,
    "p25": 1981.21399,
    "p50": 13264.995881499999,
    "p75": 30799.774698999998,
    "p90": 38343.45084219999,
    "p95": 48554.02073189999,
    "p99": 50446.30645555999,
    "min": 77.659896,
    "max": 51857.295608,
    "std": 15368.978883619377,
    "count": 1000,
    "sum": 17204814.674954
  },
  "http_req_data_sent": {
    "unit": "KB",
    "avg": 25.41996875,
    "p1": 3.786025390625,
    "p5": 4.2693359375,
    "p10": 8.107714843750001,
    "p25": 13.838134765625,
    "p50": 26.251953125,
    "p75": 30.13134765625,
    "p90": 40.858105468750004,
    "p95": 51.33012695312497,
    "p99": 65.1178125,
    "min": 3.65625,
    "max": 69.4580078125,
    "std": 13.184431763068462,
    "count": 1000,
    "sum": 25419.96875
  },
  "http_req_chunks_received": {
    "unit": "count",
    "avg": 149.249,
    "p1": 3.0,
    "p5": 4.0,
    "p10": 4.0,
    "p25": 4.0,
    "p50": 27.0,
    "p75": 307.0,
    "p90": 482.0,
    "p95": 550.0,
    "p99": 746.01,
    "min": 1.0,
    "max": 1134.0,
    "std": 204.84344997827,
    "count": 1000,
    "sum": 149249.0
  },
  "http_req_waiting": {
    "unit": "ms",
    "avg": 17204.232482874,