{
  "schema_version": "1.1",
  "aiperf_version": "0.8.0",
  "benchmark_id": "3b7b7a40-26ae-40c8-a9a1-9d85dd1b36fe",
  "request_throughput": {
    "unit": "requests/sec",
    "avg": 4.375614922807034
  },
  "request_latency": {
    "unit": "ms",
    "avg": 4823.801575281999,
    "p1": 165.33046521,
    "p5": 203.97888959999997,
    "p10": 248.0911491,
    "p25": 522.1395847499999,
    "p50": 1140.2555204999999,
    "p75": 9180.122118,
    "p90": 15001.903118499999,
    "p95": 17259.363186299997,
    "p99": 22261.916196739996,
    "min": 126.93603999999999,
    "max": 51005.532112,
    "std": 6353.197135379367,
    "count": 1000,
    "sum": 4823801.575282
  },
  "request_count": {
    "unit": "requests",
    "avg": 1000.0
  },
  "time_to_first_token": {
    "unit": "ms",
    "avg": 372.221669391,
    "p1": 76.72186592,
    "p5": 95.60092115,
    "p10": 109.1480733,
    "p25": 131.44678125,
    "p50": 196.9936955,
    "p75": 442.961678,
    "p90": 959.8566999000002,
    "p95": 1289.7102460999995,
    "p99": 1631.5106890899997,
    "min": 62.779218,
    "max": 2160.006345,
    "std": 382.5953684312643,
    "count": 1000,
    "sum": 372221.669391
  },
  "time_to_second_token": {
    "unit": "ms",
    "avg": 45.807591445336,
    "p1": 19.47455556,
    "p5": 21.0888532,
    "p10": 22.0254318,
    "p25": 23.464689999999997,
    "p50": 25.88844,
    "p75": 39.638828,
    "p90": 140.90194579999996,
    "p95": 153.10146899999995,
    "p99": 170.60555559999997,
    "min": 15.472812,
    "max": 194.138897,
    "std": 42.90308071530974,
    "count": 997,
    "sum": 45670.168671
  },
  "inter_token_latency": {
    "unit": "ms",
    "avg": 36.26466591387392,
    "p1": 21.98655422857143,
    "p5": 22.935603487878787,
    "p10": 23.631203557894736,
    "p25": 25.341470635568513,
    "p50": 28.576755,
    "p75": 33.588998606060606,
    "p90": 61.58394824666666,
    "p95": 79.24684925882352,
    "p99": 156.23197015999986,
    "min": 12.3941805,
    "max": 172.77546949999999,
    "std": 23.5113554257555,
    "count": 997,
    "sum": 36155.871916132324
  },
  "output_token_throughput": {
    "unit": "tokens/sec",
    "avg": 653.9794063627393
  },
  "output_token_throughput_per_user": {
    "unit": "tokens/sec/user",
    "avg": 32.8857506284364,
    "p1": 6.400868462514115,
    "p5": 12.618812707005677,
    "p10": 16.23799754134225,
    "p25": 29.771652669024956,
    "p50": 34.99347634117309,
    "p75": 39.46100896750761,
    "p90": 42.31693573272927,
    "p95": 43.600337952778794,
    "p99": 45.48234315217123,
    "min": 5.787858675157587,
    "max": 80.68302700610177,
    "std": 9.703513840864042,
    "count": 997,
    "sum": 32787.09337655104
  },
  "output_sequence_length": {
    "unit": "tokens",
    "avg": 149.46,
    "p1": 3.0,
    "p5": 3.0,
    "p10": 3.0,
    "p25": 3.0,
    "p50": 26.0,
    "p75": 306.0,
    "p90": 481.9000000000002,
    "p95": 550.2499999999998,
    "p99": 720.02,
    "min": 1.0,
    "max": 1644.0,
    "std": 209.89959123352287,
    "count": 1000,
    "sum": 149460.0
  },
  "input_sequence_length": {
    "unit": "tokens",
    "avg": 5973.937,
    "p1": 893.0,
    "p5": 1006.5,
    "p10": 1884.0,
    "p25": 3192.75,
    "p50": 6202.0,
    "p75": 7086.25,
    "p90": 9576.0,
    "p95": 12093.899999999998,
    "p99": 15394.539999999999,
    "min": 890.0,
    "max": 16086.0,
    "std": 3106.000804093747,
    "count": 1000,
    "sum": 5973937.0
  },
  "output_token_count": {
    "unit": "tokens",
    "avg": 149.46,
    "p1": 3.0,
    "p5": 3.0,
    "p10": 3.0,
    "p25": 3.0,
    "p50": 26.0,
    "p75": 306.0,
    "p90": 481.9000000000002,
    "p95": 550.2499999999998,
    "p99": 720.02,
    "min": 1.0,
    "max": 1644.0,
    "std": 209.89959123352287,
    "count": 1000,
    "sum": 149460.0
  },
  "inter_chunk_latency": {
    "unit": "ms",
    "avg": 29.98787374460073,
    "p1": 21.028675788884215,
    "p5": 21.73665573620465,
    "p10": 22.022189862842033,
    "p25": 22.60653507670577,
    "p50": 24.051598260458665,
    "p75": 26.981876418557277,
    "p90": 41.11062683790082,
    "p95": 42.56496087216616,
    "p99": 170.39446808863443,
    "min": 0.077012,
    "max": 234.62859699999998,
    "std": 22.566618910147128,
    "count": 148446,
    "sum": 4451579.905890999
  },
  "total_output_tokens": {
    "unit": "tokens",
    "avg": 149460.0
  },
  "benchmark_duration": {
    "unit": "sec",
    "avg": 228.53930650700002
  },
  "total_isl": {
    "unit": "tokens",
    "avg": 5973937.0
  },
  "total_osl": {
    "unit": "tokens",
    "avg": 149460.0
  },
  "telemetry_data": {
    "summary": {
      "endpoints_configured": [],
      "endpoints_successful": [],
      "start_time": "2026-06-05T21:48:05.414365",
      "end_time": "2026-06-05T21:51:55.984365"
    },
    "endpoints": {},
    "error_summary": []
  },
  "input_config": {
    "endpoint": {
      "model_names": [
        "Qwen/Qwen3-8B"
      ],
      "type": "chat",
      "streaming": true,
      "urls": [
        "http://localhost:8000"
      ]
    },
    "input": {
      "file": "mooncake_1k.jsonl",
      "fixed_schedule": true,
      "fixed_schedule_auto_offset": true,
      "custom_dataset_type": "mooncake_trace",
      "prompt": {
        "input_tokens": {
          "block_size": 512
        }
      }
    },
    "output": {
      "artifact_directory": "results/N8/off/run_3"
    },
    "tokenizer": {
      "name": "Qwen/Qwen3-8B",
      "resolved_names": {
        "Qwen/Qwen3-8B": "Qwen/Qwen3-8B"
      }
    },
    "cli_command": "aiperf profile --model 'Qwen/Qwen3-8B' --tokenizer 'Qwen/Qwen3-8B' --endpoint-type 'chat' --streaming -u 'http://localhost:8000' --input-file 'mooncake_1k.jsonl' --custom-dataset-type 'mooncake_trace' --isl-block-size 512 --fixed-schedule --fixed-schedule-auto-offset --artifact-dir 'results/N8/off/run_3'",
    "benchmark_id": "3b7b7a40-26ae-40c8-a9a1-9d85dd1b36fe"
  },
  "was_cancelled": false,
  "error_summary": [],
  "start_time": "2026-06-05T21:48:05.414365",
  "end_time": "2026-06-05T21:51:53.966979",
  "http_req_connection_reused": {
    "unit": "ratio",
    "avg": 0.935,
    "p1": 0.0,
    "p5": 0.0,
    "p10": 1.0,
    "p25": 1.0,
    "p50": 1.0,
    "p75": 1.0,
    "p90": 1.0,
    "p95": 1.0,
    "p99": 1.0,
    "min": 0.0,
    "max": 1.0,
    "std": 0.246525860712421,
    "count": 1000,
    "sum": 935.0
  },
  "http_req_connecting": {
    "unit": "ms",
    "avg": 0.122536725,
    "p1": 0.0,
    "p5": 0.0,
    "p10": 0.0,
    "p25": 0.0,
    "p50": 0.0,
    "p75": 0.0,
    "p90": 0.0,
    "p95": 0.7603465999999989,
    "p99": 2.8997919699999994,
    "min": 0.0,
    "max": 6.926813,
    "std": 0.5603049115341248,
    "count": 1000,
    "sum": 122.53672499999999
  },
  "http_req_data_received": {
    "unit": "KB",
    "avg": 44.7395400390625,
    "p1": 0.9150390625,
    "p5": 0.9150390625,
    "p10": 0.9150390625,
    "p25": 0.9150390625,
    "p50": 7.7958984375,
    "p75": 91.576171875,
    "p90": 144.34531250000003,
    "p95": 164.57709960937493,
    "p99": 215.46978515625,
    "min": 0.3193359375,
    "max": 491.0732421875,
    "std": 62.80820719161234,
    "count": 1000,
    "sum": 44739.5400390625
  },
  "http_req_duration": {
    "unit": "ms",
    "avg": 4824.225741165,
    "p1": 165.78203699,
    "p5": 204.49013084999999,
    "p10": 248.4040556,
    "p25": 522.25160825,
    "p50": 1140.8167475,
    "p75": 9180.570844,
    "p90": 15001.9315761,
    "p95": 17259.534201449995,
    "p99": 22261.836536629995,
    "min": 126.841397,
    "max": 51005.45458,
    "std": 6353.396605570451,
    "count": 1000,
    "sum": 4824225.741165
  },
  "http_req_dns_lookup": {
    "unit": "ms",
    "avg": 0.070139958,
    "p1": 0.0,
    "p5": 0.0,
    "p10": 0.0,
    "p25": 0.0,
    "p50": 0.0,
    "p75": 0.0,
    "p90": 0.0,
    "p95": 0.0,
    "p99": 2.1074165099999997,
    "min": 0.0,
    "max": 5.906116,
    "std": 0.4045088388376578,
    "count": 1000,
    "sum": 70.139958
  },
  "http_req_receiving": {
    "unit": "ms",
    "avg": 4452.120560953,