{
  "schema_version": "1.1",
  "aiperf_version": "0.8.0",
  "benchmark_id": "a4382b4a-84ad-40b1-afbf-34cc195e9c33",
  "request_throughput": {
    "unit": "requests/sec",
    "avg": 4.362518787647622
  },
  "request_latency": {
    "unit": "ms",
    "avg": 4847.130062345999,
    "p1": 261.53997521,
    "p5": 327.9717541,
    "p10": 455.259264,
    "p25": 711.53832425,
    "p50": 1269.289746,
    "p75": 9540.76054175,
    "p90": 14581.411831800002,
    "p95": 17048.440960949996,
    "p99": 20867.163111919992,
    "min": 176.649859,
    "max": 41621.430218,
    "std": 6099.081121086185,
    "count": 1000,
    "sum": 4847130.062346
  },
  "request_count": {
    "unit": "requests",
    "avg": 1000.0
  },
  "time_to_first_token": {
    "unit": "ms",
    "avg": 445.510391245,
    "p1": 72.56467984,
    "p5": 105.67876319999999,
    "p10": 134.1449448,
    "p25": 204.22053825,
    "p50": 339.61997399999996,
    "p75": 544.2410699999999,
    "p90": 940.8411512,
    "p95": 1273.4716215499998,
    "p99": 1643.5804296399992,
    "min": 60.698291,
    "max": 2061.71953,
    "std": 354.2271029105882,
    "count": 1000,
    "sum": 445510.391245
  },
  "time_to_second_token": {
    "unit": "ms",
    "avg": 84.99960807221665,
    "p1": 19.29828172,
    "p5": 21.816363399999997,
    "p10": 22.6439654,
    "p25": 24.461907,
    "p50": 46.254065999999995,
    "p75": 150.591142,
    "p90": 174.96602,
    "p95": 183.75652519999997,
    "p99": 191.37089536,
    "min": 18.614023,
    "max": 209.019703,
    "std": 63.71548549080916,
    "count": 997,
    "sum": 84744.609248
  },
  "inter_token_latency": {
    "unit": "ms",
    "avg": 43.85920357840881,
    "p1": 22.14271142,
    "p5": 23.41081487391304,
    "p10": 23.981463454677073,
    "p25": 26.568808649999998,
    "p50": 30.390990407407404,
    "p75": 41.94740527906976,
    "p90": 83.55699693333332,
    "p95": 138.64339029999996,
    "p99": 173.23341832,
    "min": 16.3547255,
    "max": 188.733023,
    "std": 34.15804624050861,
    "count": 997,
    "sum": 43727.625967673564
  },
  "output_token_throughput": {
    "unit": "tokens/sec",
    "avg": 648.737081354715
  },
  "output_token_throughput_per_user": {
    "unit": "tokens/sec/user",
    "avg": 30.09049549373685,
    "p1": 5.772559269968902,
    "p5": 7.212757052134896,
    "p10": 11.968187726165763,
    "p25": 23.839376794515672,
    "p50": 32.904488685444846,
    "p75": 37.63811969039869,
    "p90": 41.69887377400019,
    "p95": 42.71530097538965,
    "p99": 45.16169043686652,
    "min": 5.298489814365979,
    "max": 61.14440746804341,
    "std": 10.806777299095245,
    "count": 997,
    "sum": 30000.224007255667
  },
  "output_sequence_length": {
    "unit": "tokens",
    "avg": 148.707,
    "p1": 3.0,
    "p5": 3.0,
    "p10": 3.0,
    "p25": 3.0,
    "p50": 26.0,
    "p75": 306.0,
    "p90": 481.0,
    "p95": 549.05,
    "p99": 720.02,
    "min": 1.0,
    "max": 1405.0,
    "std": 207.4562487634441,
    "count": 1000,
    "sum": 148707.0
  },
  "input_sequence_length": {
    "unit": "tokens",
    "avg": 5973.936,
    "p1": 893.0,
    "p5": 1006.5,
    "p10": 1884.0,
    "p25": 3192.75,
    "p50": 6202.0,
    "p75": 7086.25,
    "p90": 9576.0,
    "p95": 12093.899999999998,
    "p99": 15394.539999999999,
    "min": 890.0,
    "max": 16086.0,
    "std": 3106.005733076486,
    "count": 1000,
    "sum": 5973936.0
  },
  "output_token_count": {
    "unit": "tokens",
    "avg": 148.707,
    "p1": 3.0,
    "p5": 3.0,
    "p10": 3.0,
    "p25": 3.0,
    "p50": 26.0,
    "p75": 306.0,
    "p90": 481.0,
    "p95": 549.05,
    "p99": 720.02,
    "min": 1.0,
    "max": 1405.0,
    "std": 207.4562487634441,
    "count": 1000,
    "sum": 148707.0
  },
  "inter_chunk_latency": {
    "unit": "ms",
    "avg": 29.802897069564153,
    "p1": 21.04072117810122,
    "p5": 21.744162885485068,
    "p10": 22.020379482448494,
    "p25": 22.58620982914577,
    "p50": 23.970660602182292,
    "p75": 26.71814886078501,
    "p90": 40.94352976512326,
    "p95": 42.36904394746361,
    "p99": 169.84195034109376,
    "min": 0.0,
    "max": 234.832937,
    "std": 22.49488152353159,
    "count": 147691,
    "sum": 4401619.671101
  },
  "total_output_tokens": {
    "unit": "tokens",
    "avg": 148707.0
  },
  "benchmark_duration": {
    "unit": "sec",
    "avg": 229.22537384400002
  },
  "total_isl": {
    "unit": "tokens",
    "avg": 5973936.0
  },
  "total_osl": {
    "unit": "tokens",
    "avg": 148707.0
  },
  "telemetry_data": {
    "summary": {
      "endpoints_configured": [],
      "endpoints_successful": [],
      "start_time": "2026-06-05T22:08:31.667677",
      "end_time": "2026-06-05T22:12:22.924557"
    },
    "endpoints": {},
    "error_summary": []
  },
  "input_config": {
    "endpoint": {
      "model_names": [
        "Qwen/Qwen3-8B"
      ],
      "type": "chat",
      "streaming": true,
      "urls": [
        "http://localhost:8000"
      ]
    },
    "input": {
      "file": "mooncake_1k.jsonl",
      "fixed_schedule": true,
      "fixed_schedule_auto_offset": true,
      "custom_dataset_type": "mooncake_trace",
      "prompt": {
        "input_tokens": {
          "block_size": 512
        }
      }
    },
    "output": {
      "artifact_directory": "results/N8/on/run_3"
    },
    "tokenizer": {
      "name": "Qwen/Qwen3-8B",
      "resolved_names": {
        "Qwen/Qwen3-8B": "Qwen/Qwen3-8B"
      }
    },
    "cli_command": "aiperf profile --model 'Qwen/Qwen3-8B' --tokenizer 'Qwen/Qwen3-8B' --endpoint-type 'chat' --streaming -u 'http://localhost:8000' --input-file 'mooncake_1k.jsonl' --custom-dataset-type 'mooncake_trace' --isl-block-size 512 --fixed-schedule --fixed-schedule-auto-offset --artifact-dir 'results/N8/on/run_3'",
    "benchmark_id": "a4382b4a-84ad-40b1-afbf-34cc195e9c33"
  },
  "was_cancelled": false,
  "error_summary": [],
  "start_time": "2026-06-05T22:08:31.667677",
  "end_time": "2026-06-05T22:12:20.906452",
  "http_req_waiting": {
    "unit": "ms",
    "avg": 445.043326111,
    "p1": 72.27629363999999,
    "p5": 105.23336305,
    "p10": 133.80595449999998,
    "p25": 203.88280799999998,
    "p50": 339.322588,
    "p75": 543.944817,
    "p90": 940.5542789,
    "p95": 1272.2155538999998,
    "p99": 1643.2030489999993,
    "min": 60.452534,
    "max": 2061.3370999999997,
    "std": 354.1793442680064,
    "count": 1000,
    "sum": 445043.326111
  },
  "http_req_data_sent": {
    "unit": "KB",
    "avg": 25.34728125,
    "p1": 3.903251953125,
    "p5": 4.34404296875,
    "p10": 7.997851562500001,
    "p25": 13.871337890625,
    "p50": 26.0361328125,
    "p75": 29.875732421875,
    "p90": 40.84775390625,
    "p95": 51.64765624999998,
    "p99": 65.37127929687499,
    "min": 3.76953125,
    "max": 68.70703125,
    "std": 13.152978902810439,
    "count": 1000,
    "sum": 25347.28125
  },
  "http_req_duration": {
    "unit": "ms",
    "avg": 4847.818244931,
    "p1": 262.41804222999997,
    "p5": 328.76930289999996,
    "p10": 456.3529041,
    "p25": 711.428178,
    "p50": 1269.9906925,
    "p75": 9541.610950749999,
    "p90": 14582.728345900003,
    "p95": 17050.792396499994,
    "p99": 20867.808417809996,
    "min": 177.323345,
    "max": 41647.458555,
    "std": 6099.291941898356,
    "count": 1000,
    "sum": 4847818.244930999
  },
  "time_to_first_output_token": {
    "unit": "ms",
    "avg": 445.510391245,
    "p1": 72.56467984,
    "p5": 105.67876319999999,
    "p10": 134.1449448,
    "p25": 204.22053825,
    "p50": 339.61997399999996,
    "p75": 544.2410699999999,
    "p90": 940.8411512,
    "p95": 1273.4716215499998,
    "p99": 1643.5804296399992,
    "min": 60.698291,
    "max": 2061.71953,
    "std": 354.2271029105882,
    "count": 1000,
    "sum": 445510.391245
  },
  "http_req_data_received": {
    "unit": "KB",
    "avg": 44.522734375,
    "p1": 0.9150390625,
    "p5": 0.9150390625,
    "p10": 0.9150390625,
    "p25": 0.9150390625,
    "p50": 7.796875,
    "p75": 91.59814453125,
    "p90": 143.92998046875,
    "p95": 164.48994140624998,