{
  "schema_version": "1.1",
  "aiperf_version": "0.8.0",
  "benchmark_id": "757bf8e5-8e54-4daf-a78c-7078e0bbf37f",
  "request_throughput": {
    "unit": "requests/sec",
    "avg": 3.725189367550744
  },
  "request_latency": {
    "unit": "ms",
    "avg": 17400.11092707581,
    "p1": 929.5500131599999,
    "p5": 1566.09581,
    "p10": 2085.4284399999997,
    "p25": 4893.783996,
    "p50": 12136.271921,
    "p75": 27367.712940999998,
    "p90": 41768.6518992,
    "p95": 46191.633007199984,
    "p99": 59051.41682679999,
    "min": 620.333849,
    "max": 125489.980329,
    "std": 15701.64017625649,
    "count": 897,
    "sum": 15607899.501587
  },
  "request_count": {
    "unit": "requests",
    "avg": 897.0
  },
  "time_to_first_token": {
    "unit": "ms",
    "avg": 6419.197752163879,
    "p1": 206.7344892,
    "p5": 427.9135142,
    "p10": 628.6535134000001,
    "p25": 1517.877294,
    "p50": 5032.957855,
    "p75": 11183.382633,
    "p90": 13534.1674922,
    "p95": 15812.11753699999,
    "p99": 18184.344921239994,
    "min": 87.417048,
    "max": 19517.146842,
    "std": 5202.832485505161,
    "count": 897,
    "sum": 5758020.383691
  },
  "time_to_second_token": {
    "unit": "ms",
    "avg": 114.75606156823265,
    "p1": 25.62386457,
    "p5": 31.919848499999997,
    "p10": 33.7809715,
    "p25": 37.530659,
    "p50": 98.968167,
    "p75": 192.686996,
    "p90": 207.56644169999998,
    "p95": 223.5509948,
    "p99": 233.31269473999996,
    "min": 22.415250999999998,
    "max": 791.002207,
    "std": 80.37836121023795,
    "count": 894,
    "sum": 102591.919042
  },
  "inter_token_latency": {
    "unit": "ms",
    "avg": 85.90894331324188,
    "p1": 27.188829834935618,
    "p5": 35.3957505375,
    "p10": 38.12284807789474,
    "p25": 56.944653458333335,
    "p50": 75.97949655461187,
    "p75": 97.77409158370536,
    "p90": 158.5398786,
    "p95": 196.57101874999984,
    "p99": 213.088125085,
    "min": 23.119559499999998,
    "max": 233.55049549999998,
    "std": 45.773684422429966,
    "count": 894,
    "sum": 76802.59532203822
  },
  "output_token_throughput": {
    "unit": "tokens/sec",
    "avg": 565.9962190911436
  },
  "output_token_throughput_per_user": {
    "unit": "tokens/sec/user",
    "avg": 14.881119674731641,
    "p1": 4.692894077935187,
    "p5": 5.087296497301834,
    "p10": 6.307586026318344,
    "p25": 10.227715771951834,
    "p50": 13.16144871265826,
    "p75": 17.560930104831154,
    "p90": 26.230998591315604,
    "p95": 28.25212900651875,
    "p99": 36.78075960024255,
    "min": 4.281729301661875,
    "max": 43.25341925307876,
    "std": 7.3421852401162075,
    "count": 894,
    "sum": 13303.720989210058
  },
  "output_sequence_length": {
    "unit": "tokens",
    "avg": 151.93756967670012,
    "p1": 3.0,
    "p5": 3.0,
    "p10": 3.0,
    "p25": 3.0,
    "p50": 26.0,
    "p75": 309.0,
    "p90": 492.0,
    "p95": 550.9999999999997,
    "p99": 760.5999999999995,
    "min": 1.0,
    "max": 1644.0,
    "std": 213.45103141871786,
    "count": 897,
    "sum": 136288.0
  },
  "input_sequence_length": {
    "unit": "tokens",
    "avg": 5920.438127090301,
    "p1": 893.0,
    "p5": 1005.0,
    "p10": 1884.0,
    "p25": 3180.0,
    "p50": 6188.0,
    "p75": 7081.0,
    "p90": 9451.199999999997,
    "p95": 12102.599999999997,
    "p99": 15157.399999999998,
    "min": 890.0,
    "max": 15941.0,
    "std": 3076.0637620940643,
    "count": 897,
    "sum": 5310633.0
  },
  "output_token_count": {
    "unit": "tokens",
    "avg": 151.93756967670012,
    "p1": 3.0,
    "p5": 3.0,
    "p10": 3.0,
    "p25": 3.0,
    "p50": 26.0,
    "p75": 309.0,
    "p90": 492.0,
    "p95": 550.9999999999997,
    "p99": 760.5999999999995,
    "min": 1.0,
    "max": 1644.0,
    "std": 213.45103141871786,
    "count": 897,
    "sum": 136288.0
  },
  "inter_chunk_latency": {
    "unit": "ms",
    "avg": 72.75350748517953,
    "p1": 22.454165882300472,
    "p5": 25.44673384222842,
    "p10": 29.729154825558894,
    "p25": 33.70482853825257,
    "p50": 37.63657578872059,
    "p75": 43.8604691926872,
    "p90": 203.23682477152514,
    "p95": 217.22893039602172,
    "p99": 241.53846819858796,
    "min": 14.588909,
    "max": 1152.315334,
    "std": 69.73000308220307,
    "count": 135387,
    "sum": 9849879.117896
  },
  "total_output_tokens": {
    "unit": "tokens",
    "avg": 136288.0
  },
  "benchmark_duration": {
    "unit": "sec",
    "avg": 240.793127945
  },
  "total_isl": {
    "unit": "tokens",
    "avg": 5310633.0
  },
  "total_osl": {
    "unit": "tokens",
    "avg": 136288.0
  },
  "error_request_count": {
    "unit": "requests",
    "avg": 103.0
  },
  "error_isl": {
    "unit": "tokens",
    "avg": 6439.844660194175,
    "p1": 897.18,
    "p5": 1063.8000000000002,
    "p10": 2262.6000000000013,
    "p25": 3957.5,
    "p50": 6452.0,
    "p75": 7429.0,
    "p90": 10127.8,
    "p95": 11966.6,
    "p99": 15958.8,
    "min": 892.0,
    "max": 16086.0,
    "std": 3319.2119334813033,
    "count": 103,
    "sum": 663304.0
  },
  "total_error_isl": {
    "unit": "tokens",
    "avg": 663304.0
  },
  "telemetry_data": {
    "summary": {
      "endpoints_configured": [],
      "endpoints_successful": [],
      "start_time": "2026-06-05T20:20:34.397207",
      "end_time": "2026-06-05T20:24:37.244868"
    },
    "endpoints": {},
    "error_summary": []
  },
  "input_config": {
    "endpoint": {
      "model_names": [
        "Qwen/Qwen3-8B"
      ],
      "type": "chat",
      "streaming": true,
      "urls": [
        "http://localhost:8000"
      ]
    },
    "input": {
      "file": "mooncake_1k.jsonl",
      "fixed_schedule": true,
      "fixed_schedule_auto_offset": true,
      "custom_dataset_type": "mooncake_trace",
      "prompt": {
        "input_tokens": {
          "block_size": 512
        }
      }
    },
    "output": {
      "artifact_directory": "results/N2/on/run_1"
    },
    "tokenizer": {
      "name": "Qwen/Qwen3-8B",
      "resolved_names": {
        "Qwen/Qwen3-8B": "Qwen/Qwen3-8B"
      }
    },
    "cli_command": "aiperf profile --model 'Qwen/Qwen3-8B' --tokenizer 'Qwen/Qwen3-8B' --endpoint-type 'chat' --streaming -u 'http://localhost:8000' --input-file 'mooncake_1k.jsonl' --custom-dataset-type 'mooncake_trace' --isl-block-size 512 --fixed-schedule --fixed-schedule-auto-offset --artifact-dir 'results/N2/on/run_1'",
    "benchmark_id": "757bf8e5-8e54-4daf-a78c-7078e0bbf37f"
  },
  "was_cancelled": false,
  "error_summary": [
    {
      "error_details": {
        "code": 503,
        "type": "Service Unavailable",
        "message": "{\"message\":\"ResourceExhausted: All workers are busy, please retry later\",\"type\":\"Service Unavailable\",\"code\":503}"
      },
      "count": 103
    }
  ],
  "start_time": "2026-06-05T20:20:34.397207",
  "end_time": "2026-06-05T20:24:35.229071",
  "http_req_sending": {
    "unit": "ms",
    "avg": 0.39973946822742473,
    "p1": 0.09317688,
    "p5": 0.1492216,
    "p10": 0.16164179999999997,
    "p25": 0.181251,
    "p50": 0.208034,
    "p75": 0.24695399999999998,
    "p90": 0.8409861999999997,
    "p95": 1.1342009999999998,
    "p99": 3.6235096399999986,
    "min": 0.08201,
    "max": 4.7453769999999995,
    "std": 0.6564631019063625,
    "count": 897,
    "sum": 358.566303
  },
  "http_req_dns_lookup": {
    "unit": "ms",
    "avg": 0.07788066332218506,
    "p1": 0.0,
    "p5": 0.0,
    "p10": 0.0,
    "p25": 0.0,
    "p50": 0.0,
    "p75": 0.0,
    "p90": 0.0,
    "p95": 0.0,
    "p99": 2.2672979999999994,
    "min": 0.0,
    "max": 2.643998,
    "std": 0.4059489018576937,
    "count": 897,
    "sum": 69.858955
  },
  "http_req_receiving": {
    "unit": "ms",
    "avg": 10983.016461363433,
    "p1": 67.45588044,
    "p5": 77.1566442,
    "p10": 82.428473,
    "p25": 426.06467599999996,
    "p50": 2155.61519,
    "p75": 21645.881349,
    "p90": 36160.6191968,
    "p95": 41362.062744799994,
    "p99": 55555.238314199996,
    "min": 0.0,
    "max": 115692.860044,
    "std": 15388.030267368917,