{
  "schema_version": "1.1",
  "aiperf_version": "0.8.0",
  "benchmark_id": "eb51899a-1a65-41ee-af8c-f646c7c5043a",
  "request_throughput": {
    "unit": "requests/sec",
    "avg": 3.458061004479951
  },
  "request_latency": {
    "unit": "ms",
    "avg": 29673.398031435,
    "p1": 911.36925995,
    "p5": 1780.07032205,
    "p10": 2923.0400136000003,
    "p25": 9988.676355,
    "p50": 26770.506140999998,
    "p75": 46950.22586875,
    "p90": 58927.8697783,
    "p95": 70124.77027245,
    "p99": 86992.11529531,
    "min": 580.238702,
    "max": 141276.534299,
    "std": 22585.42871588493,
    "count": 1000,
    "sum": 29673398.031434998
  },
  "request_count": {
    "unit": "requests",
    "avg": 1000.0
  },
  "time_to_first_token": {
    "unit": "ms",
    "avg": 18670.397376276,
    "p1": 165.39163978999997,
    "p5": 439.05936225,
    "p10": 828.0346396,
    "p25": 3890.9307245,
    "p50": 11291.977266,
    "p75": 32970.12133175,
    "p90": 48196.440558,
    "p95": 55101.43343289999,
    "p99": 57755.01002922999,
    "min": 130.640156,
    "max": 63083.215046,
    "std": 17667.46738083579,
    "count": 1000,
    "sum": 18670397.376275998
  },
  "time_to_second_token": {
    "unit": "ms",
    "avg": 120.88229685857573,
    "p1": 28.97661732,
    "p5": 32.495991,
    "p10": 34.8284818,
    "p25": 38.588367,
    "p50": 130.770594,
    "p75": 194.79011799999998,
    "p90": 204.07712099999998,
    "p95": 210.65937119999998,
    "p99": 229.93493695999996,
    "min": 22.026075,
    "max": 957.744826,
    "std": 79.45815201294565,
    "count": 997,
    "sum": 120519.649968
  },
  "inter_token_latency": {
    "unit": "ms",
    "avg": 85.9742982816516,
    "p1": 31.669227287413438,
    "p5": 35.436267413099415,
    "p10": 38.38580367692308,
    "p25": 57.14753434782608,
    "p50": 76.09384964339152,
    "p75": 96.99120985873604,
    "p90": 158.8930702294736,
    "p95": 199.54176479999998,
    "p99": 211.65615666,
    "min": 24.69495814285714,
    "max": 234.95611549999998,
    "std": 45.78433774839822,
    "count": 997,
    "sum": 85716.3753868065
  },
  "output_token_throughput": {
    "unit": "tokens/sec",
    "avg": 518.1247383622356
  },
  "output_token_throughput_per_user": {
    "unit": "tokens/sec/user",
    "avg": 14.799729876219283,
    "p1": 4.724644084537082,
    "p5": 5.01148258566462,
    "p10": 6.294038675796302,
    "p25": 10.31021266212125,
    "p50": 13.141666569459025,
    "p75": 17.49856772321167,
    "p90": 26.051298024985837,
    "p95": 28.219733764562385,
    "p99": 31.576450964171624,
    "min": 4.256113946521217,
    "max": 40.494095767043994,
    "std": 7.109548860546122,
    "count": 997,
    "sum": 14755.330686590622
  },
  "output_sequence_length": {
    "unit": "tokens",
    "avg": 149.831,
    "p1": 3.0,
    "p5": 3.0,
    "p10": 3.0,
    "p25": 3.0,
    "p50": 26.0,
    "p75": 306.0,
    "p90": 481.0,
    "p95": 550.1499999999999,
    "p99": 745.1499999999999,
    "min": 1.0,
    "max": 1644.0,
    "std": 210.97121234661375,
    "count": 1000,
    "sum": 149831.0
  },
  "input_sequence_length": {
    "unit": "tokens",
    "avg": 5973.937,
    "p1": 893.0,
    "p5": 1006.5,
    "p10": 1884.0,
    "p25": 3192.75,
    "p50": 6202.0,
    "p75": 7086.25,
    "p90": 9576.0,
    "p95": 12093.899999999998,
    "p99": 15394.539999999999,
    "min": 890.0,
    "max": 16086.0,
    "std": 3106.0059029291942,
    "count": 1000,
    "sum": 5973937.0
  },
  "output_token_count": {
    "unit": "tokens",
    "avg": 149.831,
    "p1": 3.0,
    "p5": 3.0,
    "p10": 3.0,
    "p25": 3.0,
    "p50": 26.0,
    "p75": 306.0,
    "p90": 481.0,
    "p95": 550.1499999999999,
    "p99": 745.1499999999999,
    "min": 1.0,
    "max": 1644.0,
    "std": 210.97121234661375,
    "count": 1000,
    "sum": 149831.0
  },
  "inter_chunk_latency": {
    "unit": "ms",
    "avg": 73.93098513155454,
    "p1": 22.407627729738092,
    "p5": 25.998255167562082,
    "p10": 29.18691864064158,
    "p25": 33.546988209896604,
    "p50": 37.2522034728543,
    "p75": 45.04600895403767,
    "p90": 204.11538505197728,
    "p95": 217.19767049857816,
    "p99": 242.98576139002597,
    "min": 1.520108,
    "max": 1254.756168,
    "std": 71.06764917192842,
    "count": 148828,
    "sum": 11003000.655159
  },
  "total_output_tokens": {
    "unit": "tokens",
    "avg": 149831.0
  },
  "benchmark_duration": {
    "unit": "sec",
    "avg": 289.179398138
  },
  "total_isl": {
    "unit": "tokens",
    "avg": 5973937.0
  },
  "total_osl": {
    "unit": "tokens",
    "avg": 149831.0
  },
  "telemetry_data": {
    "summary": {
      "endpoints_configured": [],
      "endpoints_successful": [],
      "start_time": "2026-06-05T19:47:59.036024",
      "end_time": "2026-06-05T19:52:50.246992"
    },
    "endpoints": {},
    "error_summary": []
  },
  "input_config": {
    "endpoint": {
      "model_names": [
        "Qwen/Qwen3-8B"
      ],
      "type": "chat",
      "streaming": true,
      "urls": [
        "http://localhost:8000"
      ]
    },
    "input": {
      "file": "mooncake_1k.jsonl",
      "fixed_schedule": true,
      "fixed_schedule_auto_offset": true,
      "custom_dataset_type": "mooncake_trace",
      "prompt": {
        "input_tokens": {
          "block_size": 512
        }
      }
    },
    "output": {
      "artifact_directory": "/work/results/N2/off/warmup"
    },
    "tokenizer": {
      "name": "Qwen/Qwen3-8B",
      "resolved_names": {
        "Qwen/Qwen3-8B": "Qwen/Qwen3-8B"
      }
    },
    "cli_command": "aiperf profile --model 'Qwen/Qwen3-8B' --tokenizer 'Qwen/Qwen3-8B' --endpoint-type 'chat' --streaming -u 'http://localhost:8000' --input-file 'mooncake_1k.jsonl' --custom-dataset-type 'mooncake_trace' --isl-block-size 512 --fixed-schedule --fixed-schedule-auto-offset --artifact-dir '/work/results/N2/off/warmup'",
    "benchmark_id": "eb51899a-1a65-41ee-af8c-f646c7c5043a"
  },
  "was_cancelled": false,
  "error_summary": [],
  "start_time": "2026-06-05T19:47:59.036024",
  "end_time": "2026-06-05T19:52:48.228872",
  "http_req_chunks_received": {
    "unit": "count",
    "avg": 150.659,
    "p1": 3.0,
    "p5": 4.0,
    "p10": 4.0,
    "p25": 4.0,
    "p50": 27.0,
    "p75": 307.0,
    "p90": 482.1,
    "p95": 551.1999999999998,
    "p99": 746.1399999999999,
    "min": 1.0,
    "max": 1644.0,
    "std": 210.9366367395669,
    "count": 1000,
    "sum": 150659.0
  },
  "http_req_data_sent": {
    "unit": "KB",
    "avg": 25.440671875,
    "p1": 3.8446484375,
    "p5": 4.48173828125,
    "p10": 8.03603515625,
    "p25": 14.150146484375,
    "p50": 26.18115234375,
    "p75": 29.999267578125,
    "p90": 40.859765625,
    "p95": 51.752929687499986,
    "p99": 65.273515625,
    "min": 3.7099609375,
    "max": 68.4921875,
    "std": 13.122341482524307,
    "count": 1000,
    "sum": 25440.671875
  },
  "http_req_chunks_sent": {
    "unit": "count",
    "avg": 1.0,
    "p1": 1.0,
    "p5": 1.0,
    "p10": 1.0,
    "p25": 1.0,
    "p50": 1.0,
    "p75": 1.0,
    "p90": 1.0,
    "p95": 1.0,
    "p99": 1.0,
    "min": 1.0,
    "max": 1.0,
    "std": 0.0,
    "count": 1000,
    "sum": 1000.0
  },
  "http_req_dns_lookup": {
    "unit": "ms",
    "avg": 0.070879787,
    "p1": 0.0,
    "p5": 0.0,
    "p10": 0.0,
    "p25": 0.0,
    "p50": 0.0,
    "p75": 0.0,
    "p90": 0.0,
    "p95": 0.0,
    "p99": 2.26291809,
    "min": 0.0,
    "max": 2.809234,
    "std": 0.39258837759000154,
    "count": 1000,
    "sum": 70.879787
  },
  "http_req_connecting": {
    "unit": "ms",
    "avg": 0.255251534,
    "p1": 0.0,
    "p5": 0.0,
    "p10": 0.0,
    "p25": 0.0,
    "p50": 0.0,
    "p75": 0.44159875,
    "p90": 0.6602167,
    "p95": 0.9093749499999997,
    "p99": 3.2218143199999996,
    "min": 0.0,
    "max": 6.817868,
    "std": 0.6405086179124405,
    "count": 1000,
    "sum": 255.251534
  },
  "http_req_blocked": {
    "unit": "ms",
    "avg": 0.0,
    "p1": 0.0,
    "p5": 0.0,
    "p10": 0.0,
    "p25": 0.0,
    "p50": 0.0,
    "p75": 0.0,
    "p90": 0.0,
    "p95": 0.0,