{
  "schema_version": "1.1",
  "aiperf_version": "0.8.0",
  "benchmark_id": "485809df-5957-408b-bf91-136fa8ddbbf8",
  "request_throughput": {
    "unit": "requests/sec",
    "avg": 4.386651398674738
  },
  "request_latency": {
    "unit": "ms",
    "avg": 5711.439867887,
    "p1": 245.85605253,
    "p5": 344.36952339999993,
    "p10": 437.8866693,
    "p25": 768.2994355,
    "p50": 1689.1254205,
    "p75": 10902.0716655,
    "p90": 17207.519774099997,
    "p95": 20070.38482365,
    "p99": 27757.54678237999,
    "min": 168.64343499999998,
    "max": 42817.917589,
    "std": 7187.324466801298,
    "count": 1000,
    "sum": 5711439.867887
  },
  "request_count": {
    "unit": "requests",
    "avg": 1000.0
  },
  "time_to_first_token": {
    "unit": "ms",
    "avg": 517.084868982,
    "p1": 78.87566043999999,
    "p5": 106.5811708,
    "p10": 123.7816212,
    "p25": 185.13607825,
    "p50": 312.2449585,
    "p75": 662.269135,
    "p90": 1278.2686302999998,
    "p95": 1626.4860689999996,
    "p99": 2253.9166948,
    "min": 64.45741,
    "max": 3014.828563,
    "std": 497.86409099431546,
    "count": 1000,
    "sum": 517084.868982
  },
  "time_to_second_token": {
    "unit": "ms",
    "avg": 93.39540483650953,
    "p1": 20.62381676,
    "p5": 22.427978399999997,
    "p10": 23.4503094,
    "p25": 25.894251,
    "p50": 76.273429,
    "p75": 160.438538,
    "p90": 175.84048959999998,
    "p95": 184.1891704,
    "p99": 202.38379271999997,
    "min": 18.505160999999998,
    "max": 223.513013,
    "std": 65.87656968658823,
    "count": 997,
    "sum": 93115.218622
  },
  "inter_token_latency": {
    "unit": "ms",
    "avg": 57.2476110722936,
    "p1": 22.893682777741933,
    "p5": 23.768252738709677,
    "p10": 24.64563205272727,
    "p25": 28.499020024193545,
    "p50": 35.58387867100977,
    "p75": 65.94852941860465,
    "p90": 155.48435203333327,
    "p95": 173.2084635,
    "p99": 186.53515349999995,
    "min": 22.3356535,
    "max": 215.113442,
    "std": 45.86299028529902,
    "count": 997,
    "sum": 57075.86823907674
  },
  "output_token_throughput": {
    "unit": "tokens/sec",
    "avg": 652.7117948658076
  },
  "output_token_throughput_per_user": {
    "unit": "tokens/sec/user",
    "avg": 25.583410799671977,
    "p1": 5.360927027607938,
    "p5": 5.773390598426324,
    "p10": 6.431881727428359,
    "p25": 15.163340393120142,
    "p50": 28.102613805692325,
    "p75": 35.08892583503132,
    "p90": 40.57514140437313,
    "p95": 42.07292867793838,
    "p99": 43.68017635712208,
    "min": 4.6487099583483955,
    "max": 44.77146818202566,
    "std": 11.72328658664468,
    "count": 997,
    "sum": 25506.660567272946
  },
  "output_sequence_length": {
    "unit": "tokens",
    "avg": 148.795,
    "p1": 3.0,
    "p5": 3.0,
    "p10": 3.0,
    "p25": 3.0,
    "p50": 26.0,
    "p75": 303.25,
    "p90": 481.0,
    "p95": 549.05,
    "p99": 745.1499999999999,
    "min": 1.0,
    "max": 1345.0,
    "std": 207.85042452446422,
    "count": 1000,
    "sum": 148795.0
  },
  "input_sequence_length": {
    "unit": "tokens",
    "avg": 5973.942,
    "p1": 893.0,
    "p5": 1006.5,
    "p10": 1884.0,
    "p25": 3192.75,
    "p50": 6202.0,
    "p75": 7086.25,
    "p90": 9576.0,
    "p95": 12093.899999999998,
    "p99": 15394.539999999999,
    "min": 890.0,
    "max": 16086.0,
    "std": 3106.0143455296534,
    "count": 1000,
    "sum": 5973942.0
  },
  "output_token_count": {
    "unit": "tokens",
    "avg": 148.795,
    "p1": 3.0,
    "p5": 3.0,
    "p10": 3.0,
    "p25": 3.0,
    "p50": 26.0,
    "p75": 303.25,
    "p90": 481.0,
    "p95": 549.05,
    "p99": 745.1499999999999,
    "min": 1.0,
    "max": 1345.0,
    "std": 207.85042452446422,
    "count": 1000,
    "sum": 148795.0
  },
  "inter_chunk_latency": {
    "unit": "ms",
    "avg": 35.14781507656341,
    "p1": 20.042333739943285,
    "p5": 21.6958014231568,
    "p10": 22.05738190009818,
    "p25": 22.748081088973233,
    "p50": 24.231761403643453,
    "p75": 26.75893096230867,
    "p90": 40.841050275940596,
    "p95": 155.27310115969505,
    "p99": 202.7580692999796,
    "min": 0.0,
    "max": 250.45241099999998,
    "std": 37.335742333412576,
    "count": 147786,
    "sum": 5194354.998904999
  },
  "total_output_tokens": {
    "unit": "tokens",
    "avg": 148795.0
  },
  "benchmark_duration": {
    "unit": "sec",
    "avg": 227.96431927600003
  },
  "total_isl": {
    "unit": "tokens",
    "avg": 5973942.0
  },
  "total_osl": {
    "unit": "tokens",
    "avg": 148795.0
  },
  "telemetry_data": {
    "summary": {
      "endpoints_configured": [],
      "endpoints_successful": [],
      "start_time": "2026-06-05T20:42:29.857965",
      "end_time": "2026-06-05T20:46:19.879160"
    },
    "endpoints": {},
    "error_summary": []
  },
  "input_config": {
    "endpoint": {
      "model_names": [
        "Qwen/Qwen3-8B"
      ],
      "type": "chat",
      "streaming": true,
      "urls": [
        "http://localhost:8000"
      ]
    },
    "input": {
      "file": "mooncake_1k.jsonl",
      "fixed_schedule": true,
      "fixed_schedule_auto_offset": true,
      "custom_dataset_type": "mooncake_trace",
      "prompt": {
        "input_tokens": {
          "block_size": 512
        }
      }
    },
    "output": {
      "artifact_directory": "results/N4/off/warmup"
    },
    "tokenizer": {
      "name": "Qwen/Qwen3-8B",
      "resolved_names": {
        "Qwen/Qwen3-8B": "Qwen/Qwen3-8B"
      }
    },
    "cli_command": "aiperf profile --model 'Qwen/Qwen3-8B' --tokenizer 'Qwen/Qwen3-8B' --endpoint-type 'chat' --streaming -u 'http://localhost:8000' --input-file 'mooncake_1k.jsonl' --custom-dataset-type 'mooncake_trace' --isl-block-size 512 --fixed-schedule --fixed-schedule-auto-offset --artifact-dir 'results/N4/off/warmup'",
    "benchmark_id": "485809df-5957-408b-bf91-136fa8ddbbf8"
  },
  "was_cancelled": false,
  "error_summary": [],
  "start_time": "2026-06-05T20:42:29.857965",
  "end_time": "2026-06-05T20:46:17.860831",
  "http_req_connection_reused": {
    "unit": "ratio",
    "avg": 0.928,
    "p1": 0.0,
    "p5": 0.0,
    "p10": 1.0,
    "p25": 1.0,
    "p50": 1.0,
    "p75": 1.0,
    "p90": 1.0,
    "p95": 1.0,
    "p99": 1.0,
    "min": 0.0,
    "max": 1.0,
    "std": 0.2584879107424562,
    "count": 1000,
    "sum": 928.0
  },
  "http_req_blocked": {
    "unit": "ms",
    "avg": 0.0,
    "p1": 0.0,
    "p5": 0.0,
    "p10": 0.0,
    "p25": 0.0,
    "p50": 0.0,
    "p75": 0.0,
    "p90": 0.0,
    "p95": 0.0,
    "p99": 0.0,
    "min": 0.0,
    "max": 0.0,
    "std": 0.0,
    "count": 1000,
    "sum": 0.0
  },
  "http_req_duration": {
    "unit": "ms",
    "avg": 5712.369467057,
    "p1": 247.18417511,
    "p5": 344.6032716,
    "p10": 439.5081796,
    "p25": 768.644289,
    "p50": 1689.633654,
    "p75": 10903.076697249999,
    "p90": 17207.520835299998,
    "p95": 20070.45547365,
    "p99": 27758.497319339993,
    "min": 169.567626,
    "max": 42912.003941999996,
    "std": 7188.127218298996,
    "count": 1000,
    "sum": 5712369.467057
  },
  "http_req_dns_lookup": {
    "unit": "ms",
    "avg": 0.067976001,
    "p1": 0.0,
    "p5": 0.0,
    "p10": 0.0,
    "p25": 0.0,
    "p50": 0.0,
    "p75": 0.0,
    "p90": 0.0,
    "p95": 0.0,
    "p99": 2.2045234,
    "min": 0.0,
    "max": 2.517287,
    "std": 0.3749908898883158,
    "count": 1000,
    "sum": 67.976001
  },
  "http_req_connecting": {
    "unit": "ms",
    "avg": 0.128638536,
    "p1": 0.0,
    "p5": 0.0,
    "p10": 0.0,
    "p25": 0.0,
    "p50": 0.0,
    "p75": 0.0,
    "p90": 0.0,
    "p95": 0.7978301499999998,
    "p99": 3.0948764399999997,
    "min": 0.0,
    "max": 3.577533,
    "std": 0.5495456540645033,
    "count": 1000,
    "sum": 128.638536
  },
  "http_req_chunks_received": {
    "unit": "count",
    "avg": 149.495,
    "p1": 3.0,
    "p5": 3.0,
    "p10": 4.0,
    "p25": 4.0,
    "p50": 27.0,
    "p75": 303.5,
    "p90": 481.1,
    "p95": 550.0,
    "p99": 745.1499999999999,
    "min": 1.0,
    "max": 1347.0,
    "std": 207.84457648685472,