{
  "schema_version": "1.1",
  "aiperf_version": "0.8.0",
  "benchmark_id": "b6ac5a3b-2c27-4312-8bf4-ef6393037c7e",
  "request_throughput": {
    "unit": "requests/sec",
    "avg": 3.6472211813459077
  },
  "request_latency": {
    "unit": "ms",
    "avg": 15989.208169450789,
    "p1": 661.4526497799999,
    "p5": 1440.0616667999998,
    "p10": 1924.0424542,
    "p25": 3539.2184224999996,
    "p50": 9157.552378999999,
    "p75": 26277.642271999997,
    "p90": 41579.824153400004,
    "p95": 46517.0080321,
    "p99": 58522.80551959991,
    "min": 321.11112099999997,
    "max": 112416.056533,
    "std": 15898.049809084168,
    "count": 823,
    "sum": 13159118.323458
  },
  "request_count": {
    "unit": "requests",
    "avg": 823.0
  },
  "time_to_first_token": {
    "unit": "ms",
    "avg": 4866.989219490886,
    "p1": 179.28785652,
    "p5": 267.2519514,
    "p10": 434.1986778,
    "p25": 1117.3693375,
    "p50": 3100.076516,
    "p75": 6573.3201705,
    "p90": 13340.217321999999,
    "p95": 15049.0386277,
    "p99": 19041.811312839993,
    "min": 128.4049,
    "max": 21934.702898,
    "std": 4834.2150132153265,
    "count": 823,
    "sum": 4005532.127641
  },
  "time_to_second_token": {
    "unit": "ms",
    "avg": 116.78084936829268,
    "p1": 23.93152091,
    "p5": 32.39690875,
    "p10": 34.512178299999995,
    "p25": 38.3951705,
    "p50": 120.11423099999999,
    "p75": 193.66093874999999,
    "p90": 205.2642565,
    "p95": 218.98958075,
    "p99": 227.07611491999998,
    "min": 22.473364999999998,
    "max": 456.19766699999997,
    "std": 76.098831396668,
    "count": 820,
    "sum": 95760.29648199999
  },
  "inter_token_latency": {
    "unit": "ms",
    "avg": 84.65464540058511,
    "p1": 28.128559234999997,
    "p5": 35.904084225,
    "p10": 38.399628871875,
    "p25": 56.14154327673314,
    "p50": 73.89453750453742,
    "p75": 97.25088729605262,
    "p90": 161.26243116499998,
    "p95": 198.3746981,
    "p99": 210.16727447999997,
    "min": 21.9587965,
    "max": 222.59660699999998,
    "std": 45.32430763336127,
    "count": 820,
    "sum": 69416.80922847972
  },
  "output_token_throughput": {
    "unit": "tokens/sec",
    "avg": 571.0449328854066
  },
  "output_token_throughput_per_user": {
    "unit": "tokens/sec/user",
    "avg": 15.038773015053598,
    "p1": 4.758114733973392,
    "p5": 5.040966666259423,
    "p10": 6.201075573115048,
    "p25": 10.282688918428995,
    "p50": 13.532826532392349,
    "p75": 17.812176571904494,
    "p90": 26.041940579420636,
    "p95": 27.851987915547813,
    "p99": 35.551064446009455,
    "min": 4.4924314592090795,
    "max": 45.53983639312837,
    "std": 7.24695132860975,
    "count": 820,
    "sum": 12331.793872343957
  },
  "output_sequence_length": {
    "unit": "tokens",
    "avg": 156.56986634264885,
    "p1": 3.0,
    "p5": 3.0,
    "p10": 3.0,
    "p25": 3.0,
    "p50": 26.0,
    "p75": 322.0,
    "p90": 496.60000000000014,
    "p95": 566.9,
    "p99": 739.4999999999993,
    "min": 1.0,
    "max": 1341.0,
    "std": 212.71288738037902,
    "count": 823,
    "sum": 128857.0
  },
  "input_sequence_length": {
    "unit": "tokens",
    "avg": 5935.325637910085,
    "p1": 894.22,
    "p5": 997.0,
    "p10": 1756.8,
    "p25": 3177.0,
    "p50": 6207.0,
    "p75": 7122.0,
    "p90": 9546.2,
    "p95": 11987.1,
    "p99": 15382.559999999998,
    "min": 891.0,
    "max": 16086.0,
    "std": 3138.9236921264524,
    "count": 823,
    "sum": 4884773.0
  },
  "output_token_count": {
    "unit": "tokens",
    "avg": 156.56986634264885,
    "p1": 3.0,
    "p5": 3.0,
    "p10": 3.0,
    "p25": 3.0,
    "p50": 26.0,
    "p75": 322.0,
    "p90": 496.60000000000014,
    "p95": 566.9,
    "p99": 739.4999999999993,
    "min": 1.0,
    "max": 1341.0,
    "std": 212.71288738037902,
    "count": 823,
    "sum": 128857.0
  },
  "inter_chunk_latency": {
    "unit": "ms",
    "avg": 71.49507694087369,
    "p1": 22.273392493198752,
    "p5": 25.03471915891886,
    "p10": 28.689534448279097,
    "p25": 33.776235879451,
    "p50": 37.56203287282987,
    "p75": 42.409098067813424,
    "p90": 201.7957951833747,
    "p95": 215.58535284217743,
    "p99": 241.5222036091198,
    "min": 14.854161999999999,
    "max": 751.0136319999999,
    "std": 68.84692934146271,
    "count": 128031,
    "sum": 9153586.195817
  },
  "total_output_tokens": {
    "unit": "tokens",
    "avg": 128857.0
  },
  "benchmark_duration": {
    "unit": "sec",
    "avg": 225.651244901
  },
  "total_isl": {
    "unit": "tokens",
    "avg": 4884773.0
  },
  "total_osl": {
    "unit": "tokens",
    "avg": 128857.0
  },
  "error_request_count": {
    "unit": "requests",
    "avg": 177.0
  },
  "error_isl": {
    "unit": "tokens",
    "avg": 6153.468926553673,
    "p1": 891.0,
    "p5": 1443.4,
    "p10": 2955.4,
    "p25": 3939.0,
    "p50": 6193.0,
    "p75": 7018.0,
    "p90": 9606.800000000001,
    "p95": 12416.599999999999,
    "p99": 15125.880000000005,
    "min": 890.0,
    "max": 15941.0,
    "std": 2941.488527516131,
    "count": 177,
    "sum": 1089164.0
  },
  "total_error_isl": {
    "unit": "tokens",
    "avg": 1089164.0
  },
  "telemetry_data": {
    "summary": {
      "endpoints_configured": [],
      "endpoints_successful": [],
      "start_time": "2026-06-05T20:31:14.657766",
      "end_time": "2026-06-05T20:35:02.365425"
    },
    "endpoints": {},
    "error_summary": []
  },
  "input_config": {
    "endpoint": {
      "model_names": [
        "Qwen/Qwen3-8B"
      ],
      "type": "chat",
      "streaming": true,
      "urls": [
        "http://localhost:8000"
      ]
    },
    "input": {
      "file": "mooncake_1k.jsonl",
      "fixed_schedule": true,
      "fixed_schedule_auto_offset": true,
      "custom_dataset_type": "mooncake_trace",
      "prompt": {
        "input_tokens": {
          "block_size": 512
        }
      }
    },
    "output": {
      "artifact_directory": "results/N2/on/run_3"
    },
    "tokenizer": {
      "name": "Qwen/Qwen3-8B",
      "resolved_names": {
        "Qwen/Qwen3-8B": "Qwen/Qwen3-8B"
      }
    },
    "cli_command": "aiperf profile --model 'Qwen/Qwen3-8B' --tokenizer 'Qwen/Qwen3-8B' --endpoint-type 'chat' --streaming -u 'http://localhost:8000' --input-file 'mooncake_1k.jsonl' --custom-dataset-type 'mooncake_trace' --isl-block-size 512 --fixed-schedule --fixed-schedule-auto-offset --artifact-dir 'results/N2/on/run_3'",
    "benchmark_id": "b6ac5a3b-2c27-4312-8bf4-ef6393037c7e"
  },
  "was_cancelled": false,
  "error_summary": [
    {
      "error_details": {
        "code": 503,
        "type": "Service Unavailable",
        "message": "{\"message\":\"ResourceExhausted: All workers are busy, please retry later\",\"type\":\"Service Unavailable\",\"code\":503}"
      },
      "count": 177
    }
  ],
  "start_time": "2026-06-05T20:31:14.657766",
  "end_time": "2026-06-05T20:35:00.347013",
  "http_req_receiving": {
    "unit": "ms",
    "avg": 11124.33479119927,
    "p1": 64.9121332,
    "p5": 78.36297259999999,
    "p10": 83.9807068,
    "p25": 420.979295,
    "p50": 2262.524978,
    "p75": 22458.4727245,
    "p90": 34675.25053200001,
    "p95": 40983.829304,
    "p99": 53860.62563835999,
    "min": 1.252248,
    "max": 104269.252385,
    "std": 15085.14364910695,
    "count": 823,
    "sum": 9155327.533157
  },
  "http_req_chunks_received": {
    "unit": "count",
    "avg": 157.40583232077765,
    "p1": 3.0,
    "p5": 4.0,
    "p10": 4.0,
    "p25": 4.0,
    "p50": 27.0,
    "p75": 323.0,
    "p90": 497.60000000000014,
    "p95": 567.0,
    "p99": 740.2799999999993,
    "min": 2.0,
    "max": 1342.0,
    "std": 212.71053026711832,
    "count": 823,
    "sum": 129545.0
  },
  "http_req_sending": {
    "unit": "ms",
    "avg": 0.39042795139732683,
    "p1": 0.08390497999999999,
    "p5": 0.11502,
    "p10": 0.1549514,
    "p25": 0.173953,
    "p50": 0.19947499999999999,
    "p75": 0.23661249999999998,
    "p90": 0.8129626000000003,
    "p95": 1.1180147999999992,
    "p99": 3.534738039999999,