{
  "schema_version": "1.1",
  "aiperf_version": "0.8.0",
  "benchmark_id": "e57beeb5-f4a2-412d-8c30-13e5253cfbf4",
  "request_throughput": {
    "unit": "requests/sec",
    "avg": 3.707950448270797
  },
  "request_latency": {
    "unit": "ms",
    "avg": 12742.348176508813,
    "p1": 718.0364079999999,
    "p5": 1101.0195955,
    "p10": 1447.237826,
    "p25": 2311.571418,
    "p50": 5103.936691,
    "p75": 23498.07792,
    "p90": 36041.024883,
    "p95": 41482.2331635,
    "p99": 51728.735323,
    "min": 332.841207,
    "max": 114691.320339,
    "std": 14557.160896789272,
    "count": 851,
    "sum": 10843738.298209
  },
  "request_count": {
    "unit": "requests",
    "avg": 851.0
  },
  "time_to_first_token": {
    "unit": "ms",
    "avg": 2246.019561249119,
    "p1": 172.6735655,
    "p5": 237.778359,
    "p10": 331.173522,
    "p25": 656.2202345,
    "p50": 1490.030435,
    "p75": 3212.661001,
    "p90": 5368.795634,
    "p95": 6761.8382255,
    "p99": 9445.4466215,
    "min": 89.96687,
    "max": 10800.744549,
    "std": 2136.3705227899527,
    "count": 851,
    "sum": 1911362.6466229998
  },
  "time_to_second_token": {
    "unit": "ms",
    "avg": 127.28440773144877,
    "p1": 24.95850028,
    "p5": 30.538408399999998,
    "p10": 33.449600399999994,
    "p25": 38.663360999999995,
    "p50": 159.118165,
    "p75": 194.46369299999998,
    "p90": 207.5134758,
    "p95": 221.54562119999994,
    "p99": 235.32805176,
    "min": 22.063140999999998,
    "max": 746.8871379999999,
    "std": 78.3539030728205,
    "count": 849,
    "sum": 108064.462164
  },
  "inter_token_latency": {
    "unit": "ms",
    "avg": 88.94319333010192,
    "p1": 28.836626122821574,
    "p5": 35.73264076153846,
    "p10": 39.21048819333333,
    "p25": 57.1552224375,
    "p50": 73.94912409424084,
    "p75": 100.00085977777778,
    "p90": 184.6511856,
    "p95": 201.55128359999995,
    "p99": 230.0572262741176,
    "min": 23.260177499999998,
    "max": 236.65265499999998,
    "std": 50.261952953838964,
    "count": 849,
    "sum": 75512.77113725655
  },
  "output_token_throughput": {
    "unit": "tokens/sec",
    "avg": 563.4341813945867
  },
  "output_token_throughput_per_user": {
    "unit": "tokens/sec/user",
    "avg": 14.614098736200226,
    "p1": 4.346813999365328,
    "p5": 4.96151884993472,
    "p10": 5.415616540992293,
    "p25": 9.999914022961432,
    "p50": 13.522810611327849,
    "p75": 17.496213947789517,
    "p90": 25.503381425918473,
    "p95": 27.986138866886265,
    "p99": 34.678150960051944,
    "min": 4.225602286186056,
    "max": 42.991933316072064,
    "std": 7.170700840729742,
    "count": 849,
    "sum": 12407.369827034006
  },
  "output_sequence_length": {
    "unit": "tokens",
    "avg": 151.9529964747356,
    "p1": 3.0,
    "p5": 3.0,
    "p10": 3.0,
    "p25": 3.0,
    "p50": 26.0,
    "p75": 310.5,
    "p90": 481.0,
    "p95": 549.5,
    "p99": 752.5,
    "min": 1.0,
    "max": 1643.0,
    "std": 211.95477678714752,
    "count": 851,
    "sum": 129312.0
  },
  "input_sequence_length": {
    "unit": "tokens",
    "avg": 5868.936545240893,
    "p1": 894.0,
    "p5": 987.0,
    "p10": 1638.0,
    "p25": 3165.0,
    "p50": 6185.0,
    "p75": 7081.0,
    "p90": 9543.0,
    "p95": 11962.0,
    "p99": 15395.0,
    "min": 891.0,
    "max": 16086.0,
    "std": 3123.5170764129484,
    "count": 851,
    "sum": 4994465.0
  },
  "output_token_count": {
    "unit": "tokens",
    "avg": 151.9529964747356,
    "p1": 3.0,
    "p5": 3.0,
    "p10": 3.0,
    "p25": 3.0,
    "p50": 26.0,
    "p75": 310.5,
    "p90": 481.0,
    "p95": 549.5,
    "p99": 752.5,
    "min": 1.0,
    "max": 1643.0,
    "std": 211.95477678714752,
    "count": 851,
    "sum": 129312.0
  },
  "inter_chunk_latency": {
    "unit": "ms",
    "avg": 69.53537850181382,
    "p1": 22.213408260097506,
    "p5": 24.54398387924059,
    "p10": 26.684446558767192,
    "p25": 31.979705284584924,
    "p50": 36.881114754821844,
    "p75": 42.11612730278885,
    "p90": 199.9695688481733,
    "p95": 214.16821385477226,
    "p99": 239.9179453528716,
    "min": 0.0,
    "max": 853.059863,
    "std": 68.31942482198998,
    "count": 128458,
    "sum": 8932375.651586
  },
  "total_output_tokens": {
    "unit": "tokens",
    "avg": 129312.0
  },
  "benchmark_duration": {
    "unit": "sec",
    "avg": 229.50684262700003
  },
  "total_isl": {
    "unit": "tokens",
    "avg": 4994465.0
  },
  "total_osl": {
    "unit": "tokens",
    "avg": 129312.0
  },
  "error_request_count": {
    "unit": "requests",
    "avg": 149.0
  },
  "error_isl": {
    "unit": "tokens",
    "avg": 6573.624161073825,
    "p1": 891.0,
    "p5": 2339.0,
    "p10": 3120.4,
    "p25": 5234.0,
    "p50": 6493.0,
    "p75": 7277.0,
    "p90": 9850.600000000002,
    "p95": 13505.8,
    "p99": 15289.360000000002,
    "min": 890.0,
    "max": 15591.0,
    "std": 2932.831399828317,
    "count": 149,
    "sum": 979470.0
  },
  "total_error_isl": {
    "unit": "tokens",
    "avg": 979470.0
  },
  "telemetry_data": {
    "summary": {
      "endpoints_configured": [],
      "endpoints_successful": [],
      "start_time": "2026-06-05T20:25:54.080191",
      "end_time": "2026-06-05T20:29:45.617345"
    },
    "endpoints": {},
    "error_summary": []
  },
  "input_config": {
    "endpoint": {
      "model_names": [
        "Qwen/Qwen3-8B"
      ],
      "type": "chat",
      "streaming": true,
      "urls": [
        "http://localhost:8000"
      ]
    },
    "input": {
      "file": "mooncake_1k.jsonl",
      "fixed_schedule": true,
      "fixed_schedule_auto_offset": true,
      "custom_dataset_type": "mooncake_trace",
      "prompt": {
        "input_tokens": {
          "block_size": 512
        }
      }
    },
    "output": {
      "artifact_directory": "results/N2/on/run_2"
    },
    "tokenizer": {
      "name": "Qwen/Qwen3-8B",
      "resolved_names": {
        "Qwen/Qwen3-8B": "Qwen/Qwen3-8B"
      }
    },
    "cli_command": "aiperf profile --model 'Qwen/Qwen3-8B' --tokenizer 'Qwen/Qwen3-8B' --endpoint-type 'chat' --streaming -u 'http://localhost:8000' --input-file 'mooncake_1k.jsonl' --custom-dataset-type 'mooncake_trace' --isl-block-size 512 --fixed-schedule --fixed-schedule-auto-offset --artifact-dir 'results/N2/on/run_2'",
    "benchmark_id": "e57beeb5-f4a2-412d-8c30-13e5253cfbf4"
  },
  "was_cancelled": false,
  "error_summary": [
    {
      "error_details": {
        "code": 503,
        "type": "Service Unavailable",
        "message": "{\"message\":\"ResourceExhausted: All workers are busy, please retry later\",\"type\":\"Service Unavailable\",\"code\":503}"
      },
      "count": 149
    }
  ],
  "start_time": "2026-06-05T20:25:54.080191",
  "end_time": "2026-06-05T20:29:43.601820",
  "http_req_connecting": {
    "unit": "ms",
    "avg": 0.1570143642773208,
    "p1": 0.0,
    "p5": 0.0,
    "p10": 0.0,
    "p25": 0.0,
    "p50": 0.0,
    "p75": 0.0,
    "p90": 0.517161,
    "p95": 0.775801,
    "p99": 3.1453724999999997,
    "min": 0.0,
    "max": 3.826759,
    "std": 0.5874535787885337,
    "count": 851,
    "sum": 133.619224
  },
  "http_req_receiving": {
    "unit": "ms",
    "avg": 10498.338816164513,
    "p1": 68.7744175,
    "p5": 79.69467,
    "p10": 146.346045,
    "p25": 467.53887649999996,
    "p50": 2051.6798479999998,
    "p75": 21746.1767205,
    "p90": 33675.125327,
    "p95": 38660.7162435,
    "p99": 49770.010632,
    "min": 0.0,
    "max": 106801.878915,
    "std": 14289.612986023272,
    "count": 851,
    "sum": 8934086.332556
  },
  "http_req_dns_lookup": {
    "unit": "ms",
    "avg": 0.08034998237367802,
    "p1": 0.0,
    "p5": 0.0,
    "p10": 0.0,
    "p25": 0.0,
    "p50": 0.0,
    "p75": 0.0,
    "p90": 0.0,
    "p95": 0.0,
    "p99": 2.200335,
    "min": 0.0,
    "max": 2.909633,
    "std": 0.40984212727521324,
    "count": 851,
    "sum": 68.37783499999999
  },
  "http_req_sending": {
    "unit": "ms",
    "avg": 0.38402787661574617,
    "p1": 0.08534699999999999,
    "p5": 0.14676699999999998,