{
  "schema_version": "1.1",
  "aiperf_version": "0.8.0",
  "benchmark_id": "9c5daf73-2916-468b-a9bd-a6c0fef164af",
  "request_throughput": {
    "unit": "requests/sec",
    "avg": 3.936382530235611
  },
  "request_latency": {
    "unit": "ms",
    "avg": 19499.7396913648,
    "p1": 1030.07916613,
    "p5": 1587.22479555,
    "p10": 2111.1371039,
    "p25": 6142.35352325,
    "p50": 14279.59982,
    "p75": 27958.744126499998,
    "p90": 46571.04621330002,
    "p95": 51366.34157699999,
    "p99": 59579.262615529966,
    "min": 819.6310679999999,
    "max": 112326.208848,
    "std": 16525.006687718243,
    "count": 858,
    "sum": 16730776.655190999
  },
  "request_count": {
    "unit": "requests",
    "avg": 858.0
  },
  "time_to_first_token": {
    "unit": "ms",
    "avg": 8729.814155397436,
    "p1": 228.01956164,
    "p5": 460.55048735,
    "p10": 778.3885439999999,
    "p25": 1608.2906712499998,
    "p50": 7168.874670499999,
    "p75": 14095.802417249999,
    "p90": 21453.0824268,
    "p95": 24250.5493459,
    "p99": 26529.82981764,
    "min": 134.283975,
    "max": 29478.874595999998,
    "std": 7719.924042750901,
    "count": 858,
    "sum": 7490180.545330999
  },
  "time_to_second_token": {
    "unit": "ms",
    "avg": 117.82946983528036,
    "p1": 26.696891649999998,
    "p5": 31.62322425,
    "p10": 33.834945,
    "p25": 38.222151,
    "p50": 116.8683135,
    "p75": 194.54326025,
    "p90": 206.573659,
    "p95": 223.714928,
    "p99": 233.67793220000001,
    "min": 23.724823999999998,
    "max": 709.99822,
    "std": 79.40574074505852,
    "count": 856,
    "sum": 100862.026179
  },
  "inter_token_latency": {
    "unit": "ms",
    "avg": 88.70062503196962,
    "p1": 29.707765450306745,
    "p5": 36.43671025,
    "p10": 39.4807755,
    "p25": 58.45466678947368,
    "p50": 76.97831016270646,
    "p75": 96.35065455833333,
    "p90": 168.53152385714287,
    "p95": 200.67321687499998,
    "p99": 219.32481792500062,
    "min": 25.100907742857142,
    "max": 280.38269099999997,
    "std": 47.70231063274296,
    "count": 856,
    "sum": 75927.73502736595
  },
  "output_token_throughput": {
    "unit": "tokens/sec",
    "avg": 582.1258286321856
  },
  "output_token_throughput_per_user": {
    "unit": "tokens/sec/user",
    "avg": 14.350654769620677,
    "p1": 4.563926006127499,
    "p5": 4.9832264269827675,
    "p10": 5.9336266257835755,
    "p25": 10.378765834412189,
    "p50": 12.990672284342839,
    "p75": 17.107274172864557,
    "p90": 25.328788029733303,
    "p95": 27.444850373479813,
    "p99": 33.66765937952342,
    "min": 3.5665539710509444,
    "max": 39.83919666349778,
    "std": 6.848095591827576,
    "count": 856,
    "sum": 12284.160482795292
  },
  "output_sequence_length": {
    "unit": "tokens",
    "avg": 147.88344988344988,
    "p1": 3.0,
    "p5": 3.0,
    "p10": 3.0,
    "p25": 3.0,
    "p50": 26.0,
    "p75": 300.75,
    "p90": 484.40000000000055,
    "p95": 549.8999999999999,
    "p99": 716.0099999999996,
    "min": 1.0,
    "max": 1250.0,
    "std": 204.8200539042464,
    "count": 858,
    "sum": 126884.0
  },
  "input_sequence_length": {
    "unit": "tokens",
    "avg": 5966.272727272727,
    "p1": 894.57,
    "p5": 997.0,
    "p10": 1829.4,
    "p25": 3180.75,
    "p50": 6215.0,
    "p75": 7084.5,
    "p90": 9544.2,
    "p95": 12454.649999999996,
    "p99": 15364.359999999997,
    "min": 891.0,
    "max": 16086.0,
    "std": 3121.688240531777,
    "count": 858,
    "sum": 5119062.0
  },
  "output_token_count": {
    "unit": "tokens",
    "avg": 147.88344988344988,
    "p1": 3.0,
    "p5": 3.0,
    "p10": 3.0,
    "p25": 3.0,
    "p50": 26.0,
    "p75": 300.75,
    "p90": 484.40000000000055,
    "p95": 549.8999999999999,
    "p99": 716.0099999999996,
    "min": 1.0,
    "max": 1250.0,
    "std": 204.8200539042464,
    "count": 858,
    "sum": 126884.0
  },
  "inter_chunk_latency": {
    "unit": "ms",
    "avg": 73.32002531012212,
    "p1": 22.558204034437043,
    "p5": 26.45334025310813,
    "p10": 30.319569605349702,
    "p25": 33.86289730484511,
    "p50": 37.85173491270893,
    "p75": 44.63056940602759,
    "p90": 203.25397052562056,
    "p95": 217.41073380735537,
    "p99": 242.2779529770318,
    "min": 1.974122,
    "max": 709.99822,
    "std": 69.72013513535539,
    "count": 126031,
    "sum": 9240596.10986
  },
  "total_output_tokens": {
    "unit": "tokens",
    "avg": 126884.0
  },
  "benchmark_duration": {
    "unit": "sec",
    "avg": 217.966621234
  },
  "total_isl": {
    "unit": "tokens",
    "avg": 5119062.0
  },
  "total_osl": {
    "unit": "tokens",
    "avg": 126884.0
  },
  "error_request_count": {
    "unit": "requests",
    "avg": 142.0
  },
  "error_isl": {
    "unit": "tokens",
    "avg": 6020.239436619719,
    "p1": 891.0,
    "p5": 1221.4,
    "p10": 2244.7000000000007,
    "p25": 3330.75,
    "p50": 6177.0,
    "p75": 7125.75,
    "p90": 9625.5,
    "p95": 11442.449999999997,
    "p99": 14994.450000000004,
    "min": 890.0,
    "max": 15941.0,
    "std": 3009.09616753719,
    "count": 142,
    "sum": 854874.0
  },
  "total_error_isl": {
    "unit": "tokens",
    "avg": 854874.0
  },
  "telemetry_data": {
    "summary": {
      "endpoints_configured": [],
      "endpoints_successful": [],
      "start_time": "2026-06-05T20:15:44.113281",
      "end_time": "2026-06-05T20:19:24.136063"
    },
    "endpoints": {},
    "error_summary": []
  },
  "input_config": {
    "endpoint": {
      "model_names": [
        "Qwen/Qwen3-8B"
      ],
      "type": "chat",
      "streaming": true,
      "urls": [
        "http://localhost:8000"
      ]
    },
    "input": {
      "file": "mooncake_1k.jsonl",
      "fixed_schedule": true,
      "fixed_schedule_auto_offset": true,
      "custom_dataset_type": "mooncake_trace",
      "prompt": {
        "input_tokens": {
          "block_size": 512
        }
      }
    },
    "output": {
      "artifact_directory": "results/N2/on/warmup"
    },
    "tokenizer": {
      "name": "Qwen/Qwen3-8B",
      "resolved_names": {
        "Qwen/Qwen3-8B": "Qwen/Qwen3-8B"
      }
    },
    "cli_command": "aiperf profile --model 'Qwen/Qwen3-8B' --tokenizer 'Qwen/Qwen3-8B' --endpoint-type 'chat' --streaming -u 'http://localhost:8000' --input-file 'mooncake_1k.jsonl' --custom-dataset-type 'mooncake_trace' --isl-block-size 512 --fixed-schedule --fixed-schedule-auto-offset --artifact-dir 'results/N2/on/warmup'",
    "benchmark_id": "9c5daf73-2916-468b-a9bd-a6c0fef164af"
  },
  "was_cancelled": false,
  "error_summary": [
    {
      "error_details": {
        "code": 503,
        "type": "Service Unavailable",
        "message": "{\"message\":\"ResourceExhausted: All workers are busy, please retry later\",\"type\":\"Service Unavailable\",\"code\":503}"
      },
      "count": 142
    }
  ],
  "start_time": "2026-06-05T20:15:44.113281",
  "end_time": "2026-06-05T20:19:22.119876",
  "http_req_chunks_received": {
    "unit": "count",
    "avg": 148.74358974358975,
    "p1": 3.0,
    "p5": 4.0,
    "p10": 4.0,
    "p25": 4.0,
    "p50": 27.0,
    "p75": 301.75,
    "p90": 486.1000000000005,
    "p95": 550.8999999999999,
    "p99": 716.4399999999996,
    "min": 2.0,
    "max": 1252.0,
    "std": 204.81642126942015,
    "count": 858,
    "sum": 127622.0
  },
  "http_req_data_sent": {
    "unit": "KB",
    "avg": 25.805320330710956,
    "p1": 3.894228515625,
    "p5": 4.44169921875,
    "p10": 8.024609375,
    "p25": 14.00537109375,
    "p50": 27.02880859375,
    "p75": 30.7421875,
    "p90": 40.71865234375,
    "p95": 53.320361328124996,
    "p99": 65.54043945312499,
    "min": 3.8251953125,
    "max": 68.7548828125,
    "std": 13.308834581367112,
    "count": 858,
    "sum": 22140.96484375
  },
  "http_req_connection_reused": {
    "unit": "ratio",
    "avg": 0.7668997668997669,
    "p1": 0.0,
    "p5": 0.0,
    "p10": 0.0,
    "p25": 1.0,
    "p50": 1.0,
    "p75": 1.0,
    "p90": 1.0,
    "p95": 1.0,
    "p99": 1.0,
    "min": 0.0,
    "max": 1.0,
    "std": 0.4228055279071574,