{
  "schema_version": "1.1",
  "aiperf_version": "0.8.0",
  "benchmark_id": "76425804-36c9-4078-916a-c0ab2d8a20c3",
  "request_throughput": {
    "unit": "requests/sec",
    "avg": 4.3923962559504
  },
  "request_latency": {
    "unit": "ms",
    "avg": 5783.389492729999,
    "p1": 251.28521971,
    "p5": 341.98923114999997,
    "p10": 430.6374613,
    "p25": 798.2003085,
    "p50": 1635.25598,
    "p75": 11154.89894275,
    "p90": 17702.8969035,
    "p95": 20163.383435,
    "p99": 25920.947780029994,
    "min": 171.71928699999998,
    "max": 48119.561658,
    "std": 7294.911534070355,
    "count": 1000,
    "sum": 5783389.49273
  },
  "request_count": {
    "unit": "requests",
    "avg": 1000.0
  },
  "time_to_first_token": {
    "unit": "ms",
    "avg": 524.554433666,
    "p1": 82.19371935,
    "p5": 106.57431645,
    "p10": 123.81314619999999,
    "p25": 180.36980799999998,
    "p50": 309.45374449999997,
    "p75": 679.720948,
    "p90": 1301.5141435,
    "p95": 1584.6273207999996,
    "p99": 2407.4848016299993,
    "min": 71.32456599999999,
    "max": 2956.435238,
    "std": 508.5178627375309,
    "count": 1000,
    "sum": 524554.433666
  },
  "time_to_second_token": {
    "unit": "ms",
    "avg": 93.148957778335,
    "p1": 20.38209268,
    "p5": 22.380950199999997,
    "p10": 23.231844399999996,
    "p25": 26.164873,
    "p50": 76.956835,
    "p75": 162.72680599999998,
    "p90": 174.9959038,
    "p95": 184.28462219999994,
    "p99": 200.84675143999996,
    "min": 14.957979,
    "max": 205.008795,
    "std": 65.9281538206937,
    "count": 997,
    "sum": 92869.510905
  },
  "inter_token_latency": {
    "unit": "ms",
    "avg": 55.25497066486004,
    "p1": 22.67171654,
    "p5": 23.82631277904762,
    "p10": 24.7571805,
    "p25": 28.50597078378378,
    "p50": 35.915113421232874,
    "p75": 60.981978999999995,
    "p90": 138.83388501666656,
    "p95": 173.92169239999996,
    "p99": 186.9287449,
    "min": 21.5500915,
    "max": 196.979117,
    "std": 44.329505155359755,
    "count": 997,
    "sum": 55089.20575286551
  },
  "output_token_throughput": {
    "unit": "tokens/sec",
    "avg": 653.6456640367469
  },
  "output_token_throughput_per_user": {
    "unit": "tokens/sec/user",
    "avg": 25.954202814748644,
    "p1": 5.34963210599405,
    "p5": 5.7497218033491295,
    "p10": 7.205131595435569,
    "p25": 16.398287107081256,
    "p50": 27.84343149000899,
    "p75": 35.080369919163424,
    "p90": 40.39232182316473,
    "p95": 41.970405205326756,
    "p99": 44.10782483257135,
    "min": 5.076680285859947,
    "max": 46.403515270457206,
    "std": 11.401550355795283,
    "count": 997,
    "sum": 25876.340206304423
  },
  "output_sequence_length": {
    "unit": "tokens",
    "avg": 148.813,
    "p1": 3.0,
    "p5": 3.0,
    "p10": 3.0,
    "p25": 3.0,
    "p50": 26.0,
    "p75": 306.0,
    "p90": 481.0,
    "p95": 548.05,
    "p99": 703.0999999999999,
    "min": 1.0,
    "max": 1474.0,
    "std": 207.56882239633194,
    "count": 1000,
    "sum": 148813.0
  },
  "input_sequence_length": {
    "unit": "tokens",
    "avg": 5973.937,
    "p1": 893.0,
    "p5": 1006.5,
    "p10": 1884.0,
    "p25": 3192.75,
    "p50": 6202.0,
    "p75": 7086.25,
    "p90": 9576.0,
    "p95": 12093.899999999998,
    "p99": 15394.539999999999,
    "min": 890.0,
    "max": 16086.0,
    "std": 3106.007548450422,
    "count": 1000,
    "sum": 5973937.0
  },
  "output_token_count": {
    "unit": "tokens",
    "avg": 148.813,
    "p1": 3.0,
    "p5": 3.0,
    "p10": 3.0,
    "p25": 3.0,
    "p50": 26.0,
    "p75": 306.0,
    "p90": 481.0,
    "p95": 548.05,
    "p99": 703.0999999999999,
    "min": 1.0,
    "max": 1474.0,
    "std": 207.56882239633194,
    "count": 1000,
    "sum": 148813.0
  },
  "inter_chunk_latency": {
    "unit": "ms",
    "avg": 35.57954777621867,
    "p1": 20.133222618471716,
    "p5": 21.751187099163626,
    "p10": 22.14136087711398,
    "p25": 22.896072415943863,
    "p50": 24.472887041947416,
    "p75": 27.077745977671494,
    "p90": 41.308524409301064,
    "p95": 157.35431492318128,
    "p99": 201.83331003286972,
    "min": 0.0,
    "max": 246.99424599999998,
    "std": 37.59846472799734,
    "count": 147805,
    "sum": 5258835.059064
  },
  "total_output_tokens": {
    "unit": "tokens",
    "avg": 148813.0
  },
  "benchmark_duration": {
    "unit": "sec",
    "avg": 227.666162552
  },
  "total_isl": {
    "unit": "tokens",
    "avg": 5973937.0
  },
  "total_osl": {
    "unit": "tokens",
    "avg": 148813.0
  },
  "telemetry_data": {
    "summary": {
      "endpoints_configured": [],
      "endpoints_successful": [],
      "start_time": "2026-06-05T20:52:32.811539",
      "end_time": "2026-06-05T20:56:22.507878"
    },
    "endpoints": {},
    "error_summary": []
  },
  "input_config": {
    "endpoint": {
      "model_names": [
        "Qwen/Qwen3-8B"
      ],
      "type": "chat",
      "streaming": true,
      "urls": [
        "http://localhost:8000"
      ]
    },
    "input": {
      "file": "mooncake_1k.jsonl",
      "fixed_schedule": true,
      "fixed_schedule_auto_offset": true,
      "custom_dataset_type": "mooncake_trace",
      "prompt": {
        "input_tokens": {
          "block_size": 512
        }
      }
    },
    "output": {
      "artifact_directory": "results/N4/off/run_2"
    },
    "tokenizer": {
      "name": "Qwen/Qwen3-8B",
      "resolved_names": {
        "Qwen/Qwen3-8B": "Qwen/Qwen3-8B"
      }
    },
    "cli_command": "aiperf profile --model 'Qwen/Qwen3-8B' --tokenizer 'Qwen/Qwen3-8B' --endpoint-type 'chat' --streaming -u 'http://localhost:8000' --input-file 'mooncake_1k.jsonl' --custom-dataset-type 'mooncake_trace' --isl-block-size 512 --fixed-schedule --fixed-schedule-auto-offset --artifact-dir 'results/N4/off/run_2'",
    "benchmark_id": "76425804-36c9-4078-916a-c0ab2d8a20c3"
  },
  "was_cancelled": false,
  "error_summary": [],
  "start_time": "2026-06-05T20:52:32.811539",
  "end_time": "2026-06-05T20:56:20.491639",
  "http_req_chunks_received": {
    "unit": "count",
    "avg": 149.517,
    "p1": 3.0,
    "p5": 3.0,
    "p10": 4.0,
    "p25": 4.0,
    "p50": 27.0,
    "p75": 306.25,
    "p90": 481.0,
    "p95": 549.05,
    "p99": 703.1099999999999,
    "min": 1.0,
    "max": 1476.0,
    "std": 207.5526914087119,
    "count": 1000,
    "sum": 149517.0
  },
  "http_req_data_received": {
    "unit": "KB",
    "avg": 44.5671630859375,
    "p1": 0.9150390625,
    "p5": 0.9150390625,
    "p10": 0.9150390625,
    "p25": 0.9150390625,
    "p50": 7.7958984375,
    "p75": 91.636962890625,
    "p90": 144.0439453125,
    "p95": 164.20151367187498,
    "p99": 209.69086914062495,
    "min": 0.3193359375,
    "max": 441.0732421875,
    "std": 62.14451693019982,
    "count": 1000,
    "sum": 44567.1630859375
  },
  "http_req_dns_lookup": {
    "unit": "ms",
    "avg": 0.08715225199999999,
    "p1": 0.0,
    "p5": 0.0,
    "p10": 0.0,
    "p25": 0.0,
    "p50": 0.0,
    "p75": 0.0,
    "p90": 0.0,
    "p95": 0.0,
    "p99": 2.2047628699999997,
    "min": 0.0,
    "max": 19.948573,
    "std": 0.7334725283257367,
    "count": 1000,
    "sum": 87.15225199999999
  },
  "http_req_waiting": {
    "unit": "ms",
    "avg": 524.0601534179999,
    "p1": 81.88874223999998,
    "p5": 105.7853537,
    "p10": 123.4585924,
    "p25": 179.5710935,
    "p50": 309.200736,
    "p75": 679.479197,
    "p90": 1301.2770403,
    "p95": 1584.3560625999999,
    "p99": 2407.1700938199997,
    "min": 70.952743,
    "max": 2956.1629709999997,
    "std": 508.412279290045,
    "count": 1000,
    "sum": 524060.153418
  },
  "http_req_sending": {
    "unit": "ms",
    "avg": 0.37958609899999995,
    "p1": 0.10719058,
    "p5": 0.1469615,
    "p10": 0.1568538,
    "p25": 0.1764845,
    "p50": 0.204483,
    "p75": 0.23951399999999998,
    "p90": 0.34592480000000003,
    "p95": 1.08432905,
    "p99": 3.7797488699999993,
    "min": 0.08751199999999999,
    "max": 21.37183,
    "std": 0.9173814531812212,
    "count": 1000,
    "sum": 379.586099
  },