{
  "schema_version": "1.1",
  "aiperf_version": "0.8.0",
  "benchmark_id": "105e39d4-57ee-4422-83a3-14f1cabcf229",
  "request_throughput": {
    "unit": "requests/sec",
    "avg": 4.60831128398846
  },
  "request_latency": {
    "unit": "ms",
    "avg": 5772.008756771,
    "p1": 353.33399375,
    "p5": 510.39280205,
    "p10": 634.5235838000001,
    "p25": 982.3484125,
    "p50": 1910.7684474999999,
    "p75": 11315.17169325,
    "p90": 17209.348076100003,
    "p95": 19284.022873149992,
    "p99": 25204.79418004,
    "min": 218.295818,
    "max": 46540.194218,
    "std": 6904.067469027728,
    "count": 1000,
    "sum": 5772008.756771
  },
  "request_count": {
    "unit": "requests",
    "avg": 1000.0
  },
  "time_to_first_token": {
    "unit": "ms",
    "avg": 589.369243995,
    "p1": 94.69970633,
    "p5": 132.0143522,
    "p10": 177.87644709999998,
    "p25": 257.62674499999997,
    "p50": 425.32195149999995,
    "p75": 745.2589385,
    "p90": 1233.3328624,
    "p95": 1627.6417693999992,
    "p99": 2163.9262975499996,
    "min": 68.03495,
    "max": 3116.8915939999997,
    "std": 474.77395011152026,
    "count": 1000,
    "sum": 589369.243995
  },
  "time_to_second_token": {
    "unit": "ms",
    "avg": 121.78353739317953,
    "p1": 20.17734152,
    "p5": 22.695883199999997,
    "p10": 24.012808399999997,
    "p25": 29.96406,
    "p50": 157.01908799999998,
    "p75": 170.184258,
    "p90": 189.0246258,
    "p95": 197.7213046,
    "p99": 209.89514776,
    "min": 18.900565,
    "max": 217.269835,
    "std": 66.67446268260066,
    "count": 997,
    "sum": 121418.186781
  },
  "inter_token_latency": {
    "unit": "ms",
    "avg": 67.52637032676958,
    "p1": 23.007308264799995,
    "p5": 24.509416494117648,
    "p10": 26.508024793023253,
    "p25": 31.3545537605042,
    "p50": 38.89550107670455,
    "p75": 87.93353308571427,
    "p90": 170.6863078,
    "p95": 177.9875161,
    "p99": 196.16458785999998,
    "min": 21.551184499999998,
    "max": 205.464326,
    "std": 52.539351983220826,
    "count": 997,
    "sum": 67323.79121578929
  },
  "output_token_throughput": {
    "unit": "tokens/sec",
    "avg": 686.5784732675887
  },
  "output_token_throughput_per_user": {
    "unit": "tokens/sec/user",
    "avg": 22.82311491136162,
    "p1": 5.097761714872933,
    "p5": 5.618371731808825,
    "p10": 5.85870076081838,
    "p25": 11.37222587229877,
    "p50": 25.70991431702943,
    "p75": 31.89329395781901,
    "p90": 37.72442555290784,
    "p95": 40.80064779322189,
    "p99": 43.464454968818806,
    "min": 4.867024945245239,
    "max": 46.40116184797174,
    "std": 11.666751136253389,
    "count": 997,
    "sum": 22754.645566627565
  },
  "output_sequence_length": {
    "unit": "tokens",
    "avg": 148.987,
    "p1": 3.0,
    "p5": 3.0,
    "p10": 3.0,
    "p25": 3.0,
    "p50": 26.0,
    "p75": 306.0,
    "p90": 481.0,
    "p95": 549.05,
    "p99": 722.2199999999998,
    "min": 1.0,
    "max": 1486.0,
    "std": 207.45914014812652,
    "count": 1000,
    "sum": 148987.0
  },
  "input_sequence_length": {
    "unit": "tokens",
    "avg": 5973.936,
    "p1": 893.0,
    "p5": 1006.5,
    "p10": 1884.0,
    "p25": 3192.75,
    "p50": 6202.0,
    "p75": 7086.25,
    "p90": 9576.0,
    "p95": 12093.899999999998,
    "p99": 15394.539999999999,
    "min": 890.0,
    "max": 16086.0,
    "std": 3106.0045956025247,
    "count": 1000,
    "sum": 5973936.0
  },
  "output_token_count": {
    "unit": "tokens",
    "avg": 148.987,
    "p1": 3.0,
    "p5": 3.0,
    "p10": 3.0,
    "p25": 3.0,
    "p50": 26.0,
    "p75": 306.0,
    "p90": 481.0,
    "p95": 549.05,
    "p99": 722.2199999999998,
    "min": 1.0,
    "max": 1486.0,
    "std": 207.45914014812652,
    "count": 1000,
    "sum": 148987.0
  },
  "inter_chunk_latency": {
    "unit": "ms",
    "avg": 35.02398740843662,
    "p1": 20.287367685373738,
    "p5": 21.658539725170076,
    "p10": 22.02629911819003,
    "p25": 22.692077120019423,
    "p50": 24.043697324228997,
    "p75": 26.284678298223366,
    "p90": 40.920588905507124,
    "p95": 157.74767930270008,
    "p99": 200.24203375829165,
    "min": 0.0,
    "max": 249.693353,
    "std": 37.37935513358099,
    "count": 147974,
    "sum": 5182639.5127759995
  },
  "total_output_tokens": {
    "unit": "tokens",
    "avg": 148987.0
  },
  "benchmark_duration": {
    "unit": "sec",
    "avg": 216.99922995100002
  },
  "total_isl": {
    "unit": "tokens",
    "avg": 5973936.0
  },
  "total_osl": {
    "unit": "tokens",
    "avg": 148987.0
  },
  "telemetry_data": {
    "summary": {
      "endpoints_configured": [],
      "endpoints_successful": [],
      "start_time": "2026-06-05T21:03:44.693432",
      "end_time": "2026-06-05T21:07:23.748614"
    },
    "endpoints": {},
    "error_summary": []
  },
  "input_config": {
    "endpoint": {
      "model_names": [
        "Qwen/Qwen3-8B"
      ],
      "type": "chat",
      "streaming": true,
      "urls": [
        "http://localhost:8000"
      ]
    },
    "input": {
      "file": "mooncake_1k.jsonl",
      "fixed_schedule": true,
      "fixed_schedule_auto_offset": true,
      "custom_dataset_type": "mooncake_trace",
      "prompt": {
        "input_tokens": {
          "block_size": 512
        }
      }
    },
    "output": {
      "artifact_directory": "results/N4/on/warmup"
    },
    "tokenizer": {
      "name": "Qwen/Qwen3-8B",
      "resolved_names": {
        "Qwen/Qwen3-8B": "Qwen/Qwen3-8B"
      }
    },
    "cli_command": "aiperf profile --model 'Qwen/Qwen3-8B' --tokenizer 'Qwen/Qwen3-8B' --endpoint-type 'chat' --streaming -u 'http://localhost:8000' --input-file 'mooncake_1k.jsonl' --custom-dataset-type 'mooncake_trace' --isl-block-size 512 --fixed-schedule --fixed-schedule-auto-offset --artifact-dir 'results/N4/on/warmup'",
    "benchmark_id": "105e39d4-57ee-4422-83a3-14f1cabcf229"
  },
  "was_cancelled": false,
  "error_summary": [],
  "start_time": "2026-06-05T21:03:44.693432",
  "end_time": "2026-06-05T21:07:21.731934",
  "http_req_connecting": {
    "unit": "ms",
    "avg": 0.14021160500000002,
    "p1": 0.0,
    "p5": 0.0,
    "p10": 0.0,
    "p25": 0.0,
    "p50": 0.0,
    "p75": 0.0,
    "p90": 0.0,
    "p95": 0.7395812499999996,
    "p99": 3.07660944,
    "min": 0.0,
    "max": 19.385308,
    "std": 0.8118952002192518,
    "count": 1000,
    "sum": 140.211605
  },
  "http_req_dns_lookup": {
    "unit": "ms",
    "avg": 0.084133112,
    "p1": 0.0,
    "p5": 0.0,
    "p10": 0.0,
    "p25": 0.0,
    "p50": 0.0,
    "p75": 0.0,
    "p90": 0.0,
    "p95": 0.0,
    "p99": 2.21044838,
    "min": 0.0,
    "max": 18.185814,
    "std": 0.681783407961688,
    "count": 1000,
    "sum": 84.133112
  },
  "http_req_blocked": {
    "unit": "ms",
    "avg": 0.0,
    "p1": 0.0,
    "p5": 0.0,
    "p10": 0.0,
    "p25": 0.0,
    "p50": 0.0,
    "p75": 0.0,
    "p90": 0.0,
    "p95": 0.0,
    "p99": 0.0,
    "min": 0.0,
    "max": 0.0,
    "std": 0.0,
    "count": 1000,
    "sum": 0.0
  },
  "http_req_data_sent": {
    "unit": "KB",
    "avg": 25.644359375,
    "p1": 3.9111328125,
    "p5": 4.43916015625,
    "p10": 8.069921875,
    "p25": 13.85595703125,
    "p50": 26.61279296875,
    "p75": 30.482421875,
    "p90": 40.8064453125,
    "p95": 51.52368164062497,
    "p99": 65.67126953125,
    "min": 3.80859375,
    "max": 69.0322265625,
    "std": 13.220345566103473,
    "count": 1000,
    "sum": 25644.359375
  },
  "http_req_chunks_sent": {
    "unit": "count",
    "avg": 1.0,
    "p1": 1.0,
    "p5": 1.0,
    "p10": 1.0,
    "p25": 1.0,
    "p50": 1.0,
    "p75": 1.0,
    "p90": 1.0,
    "p95": 1.0,
    "p99": 1.0,
    "min": 1.0,
    "max": 1.0,
    "std": 0.0,
    "count": 1000,
    "sum": 1000.0
  },
  "http_req_connection_reused": {
    "unit": "ratio",
    "avg": 0.934,
    "p1": 0.0,
    "p5": 0.0,
    "p10": 1.0,
    "p25": 1.0,
    "p50": 1.0,
    "p75": 1.0,
    "p90": 1.0,
    "p95": 1.0,
    "p99": 1.0,
    "min": 0.0,
    "max": 1.0,
    "std": 0.24828209762284512,
    "count": 1000,
    "sum": 934.0
  },