{
  "schema_version": "1.1",
  "aiperf_version": "0.8.0",
  "benchmark_id": "80578910-1c80-4b50-b620-5c99b7f10e8b",
  "request_throughput": {
    "unit": "requests/sec",
    "avg": 4.385808629626334
  },
  "request_latency": {
    "unit": "ms",
    "avg": 4928.051847998,
    "p1": 248.19454646,
    "p5": 328.7773468,
    "p10": 434.10266149999995,
    "p25": 751.17055325,
    "p50": 1313.5881885,
    "p75": 9741.9120885,
    "p90": 14519.0897445,
    "p95": 17232.06561675,
    "p99": 21572.519732529992,
    "min": 192.16616499999998,
    "max": 35458.795221,
    "std": 6152.938972264647,
    "count": 1000,
    "sum": 4928051.847998
  },
  "request_count": {
    "unit": "requests",
    "avg": 1000.0
  },
  "time_to_first_token": {
    "unit": "ms",
    "avg": 451.422905626,
    "p1": 78.02607101,
    "p5": 113.82025765,
    "p10": 142.0502173,
    "p25": 207.305184,
    "p50": 360.92976,
    "p75": 542.6475815,
    "p90": 935.7673203,
    "p95": 1281.3389282499995,
    "p99": 1692.20542,
    "min": 67.54096799999999,
    "max": 1920.4697689999998,
    "std": 352.46428434770974,
    "count": 1000,
    "sum": 451422.90562599996
  },
  "time_to_second_token": {
    "unit": "ms",
    "avg": 88.47802000501504,
    "p1": 20.61727688,
    "p5": 22.7345638,
    "p10": 23.6906958,
    "p25": 26.333461,
    "p50": 56.282919,
    "p75": 151.372343,
    "p90": 179.40171619999998,
    "p95": 186.24124919999997,
    "p99": 195.44938879999998,
    "min": 18.949949999999998,
    "max": 209.616108,
    "std": 63.74781909977532,
    "count": 997,
    "sum": 88212.585945
  },
  "inter_token_latency": {
    "unit": "ms",
    "avg": 45.42206285232689,
    "p1": 23.13636888,
    "p5": 24.355672251782362,
    "p10": 25.29181828445946,
    "p25": 28.101147661791586,
    "p50": 31.965482555555553,
    "p75": 43.523565733333335,
    "p90": 84.61505029999998,
    "p95": 127.54402409999999,
    "p99": 190.12853238,
    "min": 15.2864685,
    "max": 201.55239,
    "std": 35.131023427666015,
    "count": 997,
    "sum": 45285.79666376991
  },
  "output_token_throughput": {
    "unit": "tokens/sec",
    "avg": 654.5336940768044
  },
  "output_token_throughput_per_user": {
    "unit": "tokens/sec/user",
    "avg": 28.622762318648284,
    "p1": 5.259599863214433,
    "p5": 7.840430800042619,
    "p10": 11.818500965669095,
    "p25": 22.97605867421224,
    "p50": 31.28374484139303,
    "p75": 35.58573521748631,
    "p90": 39.5384798716248,
    "p95": 41.058200051881634,
    "p99": 43.222000317999196,
    "min": 4.961489169143565,
    "max": 65.41733298308893,
    "std": 10.049761313083502,
    "count": 997,
    "sum": 28536.89403169235
  },
  "output_sequence_length": {
    "unit": "tokens",
    "avg": 149.239,
    "p1": 3.0,
    "p5": 3.0,
    "p10": 3.0,
    "p25": 3.0,
    "p50": 26.0,
    "p75": 306.0,
    "p90": 481.0,
    "p95": 550.2499999999998,
    "p99": 722.2299999999998,
    "min": 1.0,
    "max": 1347.0,
    "std": 208.35848405812516,
    "count": 1000,
    "sum": 149239.0
  },
  "input_sequence_length": {
    "unit": "tokens",
    "avg": 5974.372,
    "p1": 893.0,
    "p5": 1006.5,
    "p10": 1884.0,
    "p25": 3192.75,
    "p50": 6203.0,
    "p75": 7087.25,
    "p90": 9576.0,
    "p95": 12093.899999999998,
    "p99": 15394.539999999999,
    "min": 890.0,
    "max": 16086.0,
    "std": 3106.111571984497,
    "count": 1000,
    "sum": 5974372.0
  },
  "output_token_count": {
    "unit": "tokens",
    "avg": 149.239,
    "p1": 3.0,
    "p5": 3.0,
    "p10": 3.0,
    "p25": 3.0,
    "p50": 26.0,
    "p75": 306.0,
    "p90": 481.0,
    "p95": 550.2499999999998,
    "p99": 722.2299999999998,
    "min": 1.0,
    "max": 1347.0,
    "std": 208.35848405812516,
    "count": 1000,
    "sum": 149239.0
  },
  "inter_chunk_latency": {
    "unit": "ms",
    "avg": 30.20341219822421,
    "p1": 21.157681615120598,
    "p5": 21.763321841274713,
    "p10": 22.044652024633752,
    "p25": 22.651599461333888,
    "p50": 24.193433818234304,
    "p75": 27.57847397109839,
    "p90": 41.361199808181425,
    "p95": 42.74946973674127,
    "p99": 169.6459407248195,
    "min": 0.126891,
    "max": 232.054073,
    "std": 22.346077954692767,
    "count": 148216,
    "sum": 4476628.942372
  },
  "total_output_tokens": {
    "unit": "tokens",
    "avg": 149239.0
  },
  "benchmark_duration": {
    "unit": "sec",
    "avg": 228.008124487
  },
  "total_isl": {
    "unit": "tokens",
    "avg": 5974372.0
  },
  "total_osl": {
    "unit": "tokens",
    "avg": 149239.0
  },
  "telemetry_data": {
    "summary": {
      "endpoints_configured": [],
      "endpoints_successful": [],
      "start_time": "2026-06-05T21:58:30.828733",
      "end_time": "2026-06-05T22:02:20.868531"
    },
    "endpoints": {},
    "error_summary": []
  },
  "input_config": {
    "endpoint": {
      "model_names": [
        "Qwen/Qwen3-8B"
      ],
      "type": "chat",
      "streaming": true,
      "urls": [
        "http://localhost:8000"
      ]
    },
    "input": {
      "file": "mooncake_1k.jsonl",
      "fixed_schedule": true,
      "fixed_schedule_auto_offset": true,
      "custom_dataset_type": "mooncake_trace",
      "prompt": {
        "input_tokens": {
          "block_size": 512
        }
      }
    },
    "output": {
      "artifact_directory": "results/N8/on/run_1"
    },
    "tokenizer": {
      "name": "Qwen/Qwen3-8B",
      "resolved_names": {
        "Qwen/Qwen3-8B": "Qwen/Qwen3-8B"
      }
    },
    "cli_command": "aiperf profile --model 'Qwen/Qwen3-8B' --tokenizer 'Qwen/Qwen3-8B' --endpoint-type 'chat' --streaming -u 'http://localhost:8000' --input-file 'mooncake_1k.jsonl' --custom-dataset-type 'mooncake_trace' --isl-block-size 512 --fixed-schedule --fixed-schedule-auto-offset --artifact-dir 'results/N8/on/run_1'",
    "benchmark_id": "80578910-1c80-4b50-b620-5c99b7f10e8b"
  },
  "was_cancelled": false,
  "error_summary": [],
  "start_time": "2026-06-05T21:58:30.828733",
  "end_time": "2026-06-05T22:02:18.851757",
  "http_req_sending": {
    "unit": "ms",
    "avg": 0.378635147,
    "p1": 0.09769988,
    "p5": 0.14470049999999998,
    "p10": 0.15339579999999997,
    "p25": 0.17287324999999998,
    "p50": 0.201488,
    "p75": 0.2395665,
    "p90": 0.3316809,
    "p95": 1.0161266999999994,
    "p99": 3.8098303099999997,
    "min": 0.082983,
    "max": 22.362047999999998,
    "std": 1.0041879253078148,
    "count": 1000,
    "sum": 378.63514699999996
  },
  "http_req_data_received": {
    "unit": "KB",
    "avg": 44.67891015625,
    "p1": 0.9150390625,
    "p5": 0.9150390625,
    "p10": 0.9150390625,
    "p25": 0.9150390625,
    "p50": 7.796875,
    "p75": 91.546142578125,
    "p90": 143.93330078125,
    "p95": 164.76176757812496,
    "p99": 216.13478515624993,
    "min": 0.3193359375,
    "max": 403.572265625,
    "std": 62.36119054531985,
    "count": 1000,
    "sum": 44678.91015625
  },
  "http_req_dns_lookup": {
    "unit": "ms",
    "avg": 0.100261773,
    "p1": 0.0,
    "p5": 0.0,
    "p10": 0.0,
    "p25": 0.0,
    "p50": 0.0,
    "p75": 0.0,
    "p90": 0.0,
    "p95": 0.0,
    "p99": 2.3257054999999993,
    "min": 0.0,
    "max": 21.28034,
    "std": 0.8528277478815904,
    "count": 1000,
    "sum": 100.26177299999999
  },
  "time_to_first_output_token": {
    "unit": "ms",
    "avg": 451.422905626,
    "p1": 78.02607101,
    "p5": 113.82025765,
    "p10": 142.0502173,
    "p25": 207.305184,
    "p50": 360.92976,
    "p75": 542.6475815,
    "p90": 935.7673203,
    "p95": 1281.3389282499995,
    "p99": 1692.20542,
    "min": 67.54096799999999,
    "max": 1920.4697689999998,
    "std": 352.46428434770974,
    "count": 1000,
    "sum": 451422.90562599996
  },
  "http_req_connecting": {
    "unit": "ms",
    "avg": 0.15069203099999998,
    "p1": 0.0,
    "p5": 0.0,
    "p10": 0.0,
    "p25": 0.0,
    "p50": 0.0,
    "p75": 0.0,
    "p90": 0.0,
    "p95": 0.7287875999999999,
    "p99": 3.26824046,
    "min": 0.0,
    "max": 21.899587999999998,
    "std": 0.9574606890272384,
    "count": 1000,