{
  "schema_version": "1.1",
  "aiperf_version": "0.8.0",
  "benchmark_id": "89b88c12-72fe-4de2-92f1-6857f7957b0a",
  "request_throughput": {
    "unit": "requests/sec",
    "avg": 3.771503629874873
  },
  "request_latency": {
    "unit": "ms",
    "avg": 27850.387645845,
    "p1": 890.49659303,
    "p5": 1815.8260149999999,
    "p10": 3077.3215979,
    "p25": 9366.03701875,
    "p50": 25714.858364,
    "p75": 42153.2700015,
    "p90": 55642.887007,
    "p95": 66508.25526994996,
    "p99": 75836.86547216,
    "min": 394.30096499999996,
    "max": 87149.394666,
    "std": 20253.8462806367,
    "count": 1000,
    "sum": 27850387.645845
  },
  "request_count": {
    "unit": "requests",
    "avg": 1000.0
  },
  "time_to_first_token": {
    "unit": "ms",
    "avg": 16855.964008762,
    "p1": 181.09670549999998,
    "p5": 441.2695695,
    "p10": 969.5792015,
    "p25": 3711.2213457499997,
    "p50": 12337.306940499999,
    "p75": 28816.83418775,
    "p90": 40483.9769403,
    "p95": 44613.60333885,
    "p99": 47042.690550169995,
    "min": 111.130682,
    "max": 49208.936249,
    "std": 14724.551615152608,
    "count": 1000,
    "sum": 16855964.008762
  },
  "time_to_second_token": {
    "unit": "ms",
    "avg": 124.42659058876629,
    "p1": 29.02412068,
    "p5": 33.381616199999996,
    "p10": 35.6461592,
    "p25": 39.386238999999996,
    "p50": 146.566769,
    "p75": 196.025329,
    "p90": 206.037036,
    "p95": 216.21818839999992,
    "p99": 225.24206883999997,
    "min": 22.005405,
    "max": 621.5799949999999,
    "std": 76.06237933820837,
    "count": 997,
    "sum": 124053.31081699999
  },
  "inter_token_latency": {
    "unit": "ms",
    "avg": 89.29256712848029,
    "p1": 29.96996171142857,
    "p5": 35.9085044,
    "p10": 38.536676,
    "p25": 59.31439368050541,
    "p50": 78.34176211859838,
    "p75": 105.264675,
    "p90": 170.9969908444444,
    "p95": 198.55847649999998,
    "p99": 211.5409921599999,
    "min": 24.87057539473684,
    "max": 226.21392949999998,
    "std": 46.73755945087958,
    "count": 997,
    "sum": 89024.68942709485
  },
  "output_token_throughput": {
    "unit": "tokens/sec",
    "avg": 557.1717742486748
  },
  "output_token_throughput_per_user": {
    "unit": "tokens/sec/user",
    "avg": 14.306955502620522,
    "p1": 4.727244704333487,
    "p5": 5.036300319789624,
    "p10": 5.8480646723828675,
    "p25": 9.499863083223312,
    "p50": 12.764583958248743,
    "p75": 16.859314206033353,
    "p90": 25.949306100343964,
    "p95": 27.848593308909805,
    "p99": 33.367094530498754,
    "min": 4.42059426760455,
    "max": 40.20815699389174,
    "std": 7.084271529949115,
    "count": 997,
    "sum": 14264.034636112665
  },
  "output_sequence_length": {
    "unit": "tokens",
    "avg": 147.732,
    "p1": 3.0,
    "p5": 3.0,
    "p10": 3.0,
    "p25": 3.0,
    "p50": 26.0,
    "p75": 304.5,
    "p90": 481.0,
    "p95": 548.0,
    "p99": 703.1699999999998,
    "min": 1.0,
    "max": 919.0,
    "std": 203.02537815751018,
    "count": 1000,
    "sum": 147732.0
  },
  "input_sequence_length": {
    "unit": "tokens",
    "avg": 5973.937,
    "p1": 893.0,
    "p5": 1006.5,
    "p10": 1884.0,
    "p25": 3192.75,
    "p50": 6202.0,
    "p75": 7086.25,
    "p90": 9576.0,
    "p95": 12093.899999999998,
    "p99": 15394.539999999999,
    "min": 890.0,
    "max": 16086.0,
    "std": 3106.0025552196503,
    "count": 1000,
    "sum": 5973937.0
  },
  "output_token_count": {
    "unit": "tokens",
    "avg": 147.732,
    "p1": 3.0,
    "p5": 3.0,
    "p10": 3.0,
    "p25": 3.0,
    "p50": 26.0,
    "p75": 304.5,
    "p90": 481.0,
    "p95": 548.0,
    "p99": 703.1699999999998,
    "min": 1.0,
    "max": 919.0,
    "std": 203.02537815751018,
    "count": 1000,
    "sum": 147732.0
  },
  "inter_chunk_latency": {
    "unit": "ms",
    "avg": 74.9326874750075,
    "p1": 22.31933562163064,
    "p5": 26.375721883581146,
    "p10": 30.65618503047819,
    "p25": 34.29635160252369,
    "p50": 37.830136816293674,
    "p75": 47.50982604626385,
    "p90": 205.17720957556924,
    "p95": 218.19063984683498,
    "p99": 241.88925354471795,
    "min": 0.0,
    "max": 1068.493404,
    "std": 71.3196122583386,
    "count": 146724,
    "sum": 10994423.637083
  },
  "total_output_tokens": {
    "unit": "tokens",
    "avg": 147732.0
  },
  "benchmark_duration": {
    "unit": "sec",
    "avg": 265.14623824800003
  },
  "total_isl": {
    "unit": "tokens",
    "avg": 5973937.0
  },
  "total_osl": {
    "unit": "tokens",
    "avg": 147732.0
  },
  "telemetry_data": {
    "summary": {
      "endpoints_configured": [],
      "endpoints_successful": [],
      "start_time": "2026-06-05T20:00:55.512217",
      "end_time": "2026-06-05T20:05:22.688182"
    },
    "endpoints": {},
    "error_summary": []
  },
  "input_config": {
    "endpoint": {
      "model_names": [
        "Qwen/Qwen3-8B"
      ],
      "type": "chat",
      "streaming": true,
      "urls": [
        "http://localhost:8000"
      ]
    },
    "input": {
      "file": "mooncake_1k.jsonl",
      "fixed_schedule": true,
      "fixed_schedule_auto_offset": true,
      "custom_dataset_type": "mooncake_trace",
      "prompt": {
        "input_tokens": {
          "block_size": 512
        }
      }
    },
    "output": {
      "artifact_directory": "results/N2/off/run_2"
    },
    "tokenizer": {
      "name": "Qwen/Qwen3-8B",
      "resolved_names": {
        "Qwen/Qwen3-8B": "Qwen/Qwen3-8B"
      }
    },
    "cli_command": "aiperf profile --model 'Qwen/Qwen3-8B' --tokenizer 'Qwen/Qwen3-8B' --endpoint-type 'chat' --streaming -u 'http://localhost:8000' --input-file 'mooncake_1k.jsonl' --custom-dataset-type 'mooncake_trace' --isl-block-size 512 --fixed-schedule --fixed-schedule-auto-offset --artifact-dir 'results/N2/off/run_2'",
    "benchmark_id": "89b88c12-72fe-4de2-92f1-6857f7957b0a"
  },
  "was_cancelled": false,
  "error_summary": [],
  "start_time": "2026-06-05T20:00:55.512217",
  "end_time": "2026-06-05T20:05:20.671344",
  "http_req_blocked": {
    "unit": "ms",
    "avg": 0.0,
    "p1": 0.0,
    "p5": 0.0,
    "p10": 0.0,
    "p25": 0.0,
    "p50": 0.0,
    "p75": 0.0,
    "p90": 0.0,
    "p95": 0.0,
    "p99": 0.0,
    "min": 0.0,
    "max": 0.0,
    "std": 0.0,
    "count": 1000,
    "sum": 0.0
  },
  "http_req_connecting": {
    "unit": "ms",
    "avg": 0.26291575699999997,
    "p1": 0.0,
    "p5": 0.0,
    "p10": 0.0,
    "p25": 0.0,
    "p50": 0.0,
    "p75": 0.0,
    "p90": 0.6677138,
    "p95": 0.8999174499999997,
    "p99": 3.1941739299999994,
    "min": 0.0,
    "max": 24.201067,
    "std": 0.9802862936132127,
    "count": 1000,
    "sum": 262.915757
  },
  "http_req_dns_lookup": {
    "unit": "ms",
    "avg": 0.090444936,
    "p1": 0.0,
    "p5": 0.0,
    "p10": 0.0,
    "p25": 0.0,
    "p50": 0.0,
    "p75": 0.0,
    "p90": 0.0,
    "p95": 0.0,
    "p99": 2.2133832399999998,
    "min": 0.0,
    "max": 23.525025,
    "std": 0.8321538205291772,
    "count": 1000,
    "sum": 90.444936
  },
  "http_req_chunks_received": {
    "unit": "count",
    "avg": 148.557,
    "p1": 3.0,
    "p5": 4.0,
    "p10": 4.0,
    "p25": 4.0,
    "p50": 27.0,
    "p75": 305.25,
    "p90": 482.0,
    "p95": 549.0,
    "p99": 704.1699999999998,
    "min": 2.0,
    "max": 921.0,
    "std": 203.00603131680595,
    "count": 1000,
    "sum": 148557.0
  },
  "http_req_data_received": {
    "unit": "KB",
    "avg": 44.2324453125,
    "p1": 0.9150390625,
    "p5": 0.9150390625,
    "p10": 0.9150390625,
    "p25": 0.9150390625,
    "p50": 7.79638671875,
    "p75": 91.05419921875,
    "p90": 143.955859375,
    "p95": 164.07802734375,
    "p99": 210.30352539062494,
    "min": 0.3193359375,
    "max": 275.123046875,
    "std": 60.77049592057156,
    "count": 1000,
    "sum": 44232.4453125
  },
  "http_req_waiting": {
    "unit": "ms",
    "avg": 16855.383924109,
    "p1": 177.97521718,
    "p5": 441.00326764999994,
    "p10": 969.2744687999999,
    "p25": 3710.460439,
    "p50": 12336.992168499999,
    "p75": 28816.460411,