{
  "schema_version": "1.1",
  "aiperf_version": "0.8.0",
  "benchmark_id": "52cc87d6-f4aa-47fc-af72-1842bb5054d8",
  "request_throughput": {
    "unit": "requests/sec",
    "avg": 4.4228148612591545
  },
  "request_latency": {
    "unit": "ms",
    "avg": 4818.513882991,
    "p1": 168.47463222999997,
    "p5": 212.07605505,
    "p10": 260.410758,
    "p25": 535.769852,
    "p50": 1095.076945,
    "p75": 9492.18210875,
    "p90": 14767.624357300001,
    "p95": 17308.67000205,
    "p99": 22178.082573719996,
    "min": 127.558864,
    "max": 45304.49895,
    "std": 6327.799147722254,
    "count": 1000,
    "sum": 4818513.882991
  },
  "request_count": {
    "unit": "requests",
    "avg": 1000.0
  },
  "time_to_first_token": {
    "unit": "ms",
    "avg": 377.45515367699994,
    "p1": 78.42149622,
    "p5": 97.9725244,
    "p10": 110.23810979999999,
    "p25": 134.071403,
    "p50": 196.64347899999999,
    "p75": 475.02189725,
    "p90": 966.8554145,
    "p95": 1270.59136765,
    "p99": 1688.5490380999997,
    "min": 64.599682,
    "max": 1976.778128,
    "std": 387.29815768160444,
    "count": 1000,
    "sum": 377455.15367699997
  },
  "time_to_second_token": {
    "unit": "ms",
    "avg": 47.65981930792377,
    "p1": 19.3588642,
    "p5": 21.4622126,
    "p10": 22.357476199999997,
    "p25": 23.707048,
    "p50": 26.605983,
    "p75": 41.622977,
    "p90": 145.248911,
    "p95": 156.3113108,
    "p99": 174.85183667999996,
    "min": 17.959581,
    "max": 200.94512799999998,
    "std": 44.65364163101982,
    "count": 997,
    "sum": 47516.83985
  },
  "inter_token_latency": {
    "unit": "ms",
    "avg": 36.47875912589718,
    "p1": 21.136438560000002,
    "p5": 23.072444545454545,
    "p10": 23.62914507826087,
    "p25": 25.270089499999997,
    "p50": 28.49116664507772,
    "p75": 33.36755714285714,
    "p90": 59.38521152631578,
    "p95": 80.47505309999994,
    "p99": 163.69467679999997,
    "min": 11.5158525,
    "max": 177.9348335,
    "std": 25.535033334153496,
    "count": 997,
    "sum": 36369.322848519485
  },
  "output_token_throughput": {
    "unit": "tokens/sec",
    "avg": 658.570401286072
  },
  "output_token_throughput_per_user": {
    "unit": "tokens/sec/user",
    "avg": 33.14488143067888,
    "p1": 6.108935427684039,
    "p5": 12.426357345565178,
    "p10": 16.839413114771464,
    "p25": 29.969230163259525,
    "p50": 35.09859783761312,
    "p75": 39.57247559412087,
    "p90": 42.320617575334275,
    "p95": 43.341748238698635,
    "p99": 47.398525647895795,
    "min": 5.620035045021131,
    "max": 86.83681907179688,
    "std": 10.090536700470592,
    "count": 997,
    "sum": 33045.44678638681
  },
  "output_sequence_length": {
    "unit": "tokens",
    "avg": 148.903,
    "p1": 3.0,
    "p5": 3.0,
    "p10": 3.0,
    "p25": 3.0,
    "p50": 26.0,
    "p75": 306.0,
    "p90": 480.1,
    "p95": 548.0,
    "p99": 722.2299999999998,
    "min": 1.0,
    "max": 1440.0,
    "std": 208.14068221037425,
    "count": 1000,
    "sum": 148903.0
  },
  "input_sequence_length": {
    "unit": "tokens",
    "avg": 5973.941,
    "p1": 893.0,
    "p5": 1006.5,
    "p10": 1884.0,
    "p25": 3192.75,
    "p50": 6202.0,
    "p75": 7087.0,
    "p90": 9576.0,
    "p95": 12093.899999999998,
    "p99": 15394.539999999999,
    "min": 890.0,
    "max": 16087.0,
    "std": 3106.003876932384,
    "count": 1000,
    "sum": 5973941.0
  },
  "output_token_count": {
    "unit": "tokens",
    "avg": 148.903,
    "p1": 3.0,
    "p5": 3.0,
    "p10": 3.0,
    "p25": 3.0,
    "p50": 26.0,
    "p75": 306.0,
    "p90": 480.1,
    "p95": 548.0,
    "p99": 722.2299999999998,
    "min": 1.0,
    "max": 1440.0,
    "std": 208.14068221037425,
    "count": 1000,
    "sum": 148903.0
  },
  "inter_chunk_latency": {
    "unit": "ms",
    "avg": 30.032518879553674,
    "p1": 21.02864541654085,
    "p5": 21.73723610016388,
    "p10": 22.020901622519236,
    "p25": 22.600590301498876,
    "p50": 24.0439374268691,
    "p75": 26.996909760503414,
    "p90": 41.19083185347255,
    "p95": 42.576637213778625,
    "p99": 170.6393123068455,
    "min": 0.0,
    "max": 243.949781,
    "std": 22.643972954688547,
    "count": 147875,
    "sum": 4441058.729313999
  },
  "total_output_tokens": {
    "unit": "tokens",
    "avg": 148903.0
  },
  "benchmark_duration": {
    "unit": "sec",
    "avg": 226.10035268700003
  },
  "total_isl": {
    "unit": "tokens",
    "avg": 5973941.0
  },
  "total_osl": {
    "unit": "tokens",
    "avg": 148903.0
  },
  "telemetry_data": {
    "summary": {
      "endpoints_configured": [],
      "endpoints_successful": [],
      "start_time": "2026-06-05T21:34:05.097884",
      "end_time": "2026-06-05T21:37:53.228367"
    },
    "endpoints": {},
    "error_summary": []
  },
  "input_config": {
    "endpoint": {
      "model_names": [
        "Qwen/Qwen3-8B"
      ],
      "type": "chat",
      "streaming": true,
      "urls": [
        "http://localhost:8000"
      ]
    },
    "input": {
      "file": "mooncake_1k.jsonl",
      "fixed_schedule": true,
      "fixed_schedule_auto_offset": true,
      "custom_dataset_type": "mooncake_trace",
      "prompt": {
        "input_tokens": {
          "block_size": 512
        }
      }
    },
    "output": {
      "artifact_directory": "results/N8/off/warmup"
    },
    "tokenizer": {
      "name": "Qwen/Qwen3-8B",
      "resolved_names": {
        "Qwen/Qwen3-8B": "Qwen/Qwen3-8B"
      }
    },
    "cli_command": "aiperf profile --model 'Qwen/Qwen3-8B' --tokenizer 'Qwen/Qwen3-8B' --endpoint-type 'chat' --streaming -u 'http://localhost:8000' --input-file 'mooncake_1k.jsonl' --custom-dataset-type 'mooncake_trace' --isl-block-size 512 --fixed-schedule --fixed-schedule-auto-offset --artifact-dir 'results/N8/off/warmup'",
    "benchmark_id": "52cc87d6-f4aa-47fc-af72-1842bb5054d8"
  },
  "was_cancelled": false,
  "error_summary": [],
  "start_time": "2026-06-05T21:34:05.097884",
  "end_time": "2026-06-05T21:37:51.211505",
  "http_req_data_sent": {
    "unit": "KB",
    "avg": 25.7825791015625,
    "p1": 4.031201171875,
    "p5": 4.64306640625,
    "p10": 8.13740234375,
    "p25": 13.745361328125,
    "p50": 26.89892578125,
    "p75": 30.668212890625,
    "p90": 40.8955078125,
    "p95": 51.708300781249996,
    "p99": 65.39982421875,
    "min": 3.94140625,
    "max": 68.935546875,
    "std": 13.26238544967176,
    "count": 1000,
    "sum": 25782.5791015625
  },
  "http_req_receiving": {
    "unit": "ms",
    "avg": 4441.700507861,
    "p1": 32.93957194,
    "p5": 47.245633299999994,
    "p10": 50.109131899999994,
    "p25": 311.21829199999996,
    "p50": 843.189527,
    "p75": 8795.359855499999,
    "p90": 14132.7936078,
    "p95": 16601.517599199997,
    "p99": 21642.634775519997,
    "min": 0.0,
    "max": 44066.847011,
    "std": 6143.774592086299,
    "count": 1000,
    "sum": 4441700.507861
  },
  "http_req_data_received": {
    "unit": "KB",
    "avg": 44.59505859375,
    "p1": 0.9150390625,
    "p5": 0.9150390625,
    "p10": 0.9150390625,
    "p25": 0.9150390625,
    "p50": 7.7958984375,
    "p75": 91.620361328125,
    "p90": 143.79755859375,
    "p95": 164.07021484375,
    "p99": 216.31742187499992,
    "min": 0.3193359375,
    "max": 430.73828125,
    "std": 62.32034682833236,
    "count": 1000,
    "sum": 44595.05859375
  },
  "http_req_connecting": {
    "unit": "ms",
    "avg": 0.145905771,
    "p1": 0.0,
    "p5": 0.0,
    "p10": 0.0,
    "p25": 0.0,
    "p50": 0.0,
    "p75": 0.0,
    "p90": 0.0,
    "p95": 0.7443513999999994,
    "p99": 3.0669772999999996,
    "min": 0.0,
    "max": 23.040872999999998,
    "std": 0.9131489092214633,
    "count": 1000,
    "sum": 145.905771
  },
  "http_req_blocked": {
    "unit": "ms",
    "avg": 0.0,
    "p1": 0.0,
    "p5": 0.0,
    "p10": 0.0,
    "p25": 0.0,
    "p50": 0.0,
    "p75": 0.0,
    "p90": 0.0,
    "p95": 0.0,
    "p99": 0.0,
    "min": 0.0,
    "max": 0.0,
    "std": 0.0,
    "count": 1000,
    "sum": 0.0
  },
  "http_req_sending": {
    "unit": "ms",