{
  "schema_version": "1.1",
  "aiperf_version": "0.8.0",
  "benchmark_id": "006ecf70-9fab-4b70-923a-905b9f911ab3",
  "request_throughput": {
    "unit": "requests/sec",
    "avg": 3.7151229888809523
  },
  "request_latency": {
    "unit": "ms",
    "avg": 27701.277670363997,
    "p1": 792.7078604999999,
    "p5": 1538.3834890000003,
    "p10": 2605.3747872,
    "p25": 7896.70588675,
    "p50": 25216.238343499997,
    "p75": 41968.364193249996,
    "p90": 55619.0199702,
    "p95": 66363.37421114999,
    "p99": 81626.06620275,
    "min": 569.9955219999999,
    "max": 139278.188353,
    "std": 21353.075340019386,
    "count": 1000,
    "sum": 27701277.670364
  },
  "request_count": {
    "unit": "requests",
    "avg": 1000.0
  },
  "time_to_first_token": {
    "unit": "ms",
    "avg": 16778.716501996998,
    "p1": 196.52339127,
    "p5": 381.0246858,
    "p10": 623.2417895,
    "p25": 2456.01195925,
    "p50": 10993.5043935,
    "p75": 30695.864681249997,
    "p90": 41493.1300459,
    "p95": 49392.054965999996,
    "p99": 51307.31307316999,
    "min": 82.363329,
    "max": 55018.499945999996,
    "std": 16115.207205920044,
    "count": 1000,
    "sum": 16778716.501996998
  },
  "time_to_second_token": {
    "unit": "ms",
    "avg": 117.81615530290873,
    "p1": 28.43969056,
    "p5": 33.28067,
    "p10": 35.0935172,
    "p25": 38.860602,
    "p50": 120.07102599999999,
    "p75": 194.666121,
    "p90": 205.9031384,
    "p95": 215.43177879999996,
    "p99": 229.43125795999998,
    "min": 19.109201,
    "max": 578.5950339999999,
    "std": 75.72130877553786,
    "count": 997,
    "sum": 117462.70683699999
  },
  "inter_token_latency": {
    "unit": "ms",
    "avg": 84.29368403430942,
    "p1": 28.551787154668514,
    "p5": 35.75586793333333,
    "p10": 38.2805775,
    "p25": 55.29289183040935,
    "p50": 75.87787594690265,
    "p75": 95.633282,
    "p90": 155.93040703899996,
    "p95": 196.98106309999997,
    "p99": 216.21638421999998,
    "min": 25.102320499999998,
    "max": 226.24980699999998,
    "std": 44.72139717620615,
    "count": 997,
    "sum": 84040.8029822065
  },
  "output_token_throughput": {
    "unit": "tokens/sec",
    "avg": 552.9477602960743
  },
  "output_token_throughput_per_user": {
    "unit": "tokens/sec/user",
    "avg": 15.050810761602419,
    "p1": 4.624996517211478,
    "p5": 5.076630950747226,
    "p10": 6.413134043684709,
    "p25": 10.45661070170111,
    "p50": 13.1790721276881,
    "p75": 18.08550732103383,
    "p90": 26.122909767759776,
    "p95": 27.967437607259544,
    "p99": 35.025710531052646,
    "min": 4.4198932731023275,
    "max": 39.83695451581857,
    "std": 7.202975810419316,
    "count": 997,
    "sum": 15005.658329317615
  },
  "output_sequence_length": {
    "unit": "tokens",
    "avg": 148.837,
    "p1": 3.0,
    "p5": 3.0,
    "p10": 3.0,
    "p25": 3.0,
    "p50": 26.0,
    "p75": 306.0,
    "p90": 480.1,
    "p95": 548.0,
    "p99": 713.0699999999999,
    "min": 1.0,
    "max": 1644.0,
    "std": 208.77635026745725,
    "count": 1000,
    "sum": 148837.0
  },
  "input_sequence_length": {
    "unit": "tokens",
    "avg": 5973.937,
    "p1": 893.0,
    "p5": 1006.5,
    "p10": 1884.0,
    "p25": 3192.75,
    "p50": 6202.0,
    "p75": 7086.25,
    "p90": 9576.0,
    "p95": 12093.899999999998,
    "p99": 15394.539999999999,
    "min": 890.0,
    "max": 16086.0,
    "std": 3106.0010677768605,
    "count": 1000,
    "sum": 5973937.0
  },
  "output_token_count": {
    "unit": "tokens",
    "avg": 148.837,
    "p1": 3.0,
    "p5": 3.0,
    "p10": 3.0,
    "p25": 3.0,
    "p50": 26.0,
    "p75": 306.0,
    "p90": 480.1,
    "p95": 548.0,
    "p99": 713.0699999999999,
    "min": 1.0,
    "max": 1644.0,
    "std": 208.77635026745725,
    "count": 1000,
    "sum": 148837.0
  },
  "inter_chunk_latency": {
    "unit": "ms",
    "avg": 73.88495838767655,
    "p1": 22.493801188863287,
    "p5": 25.55765578689239,
    "p10": 28.871086658902996,
    "p25": 33.556070687803306,
    "p50": 37.650088448979595,
    "p75": 45.1213849903849,
    "p90": 204.72273645763286,
    "p95": 217.38443040308604,
    "p99": 243.56167825968257,
    "min": 1.9376369999999998,
    "max": 625.4161359999999,
    "std": 70.88200976388042,
    "count": 147832,
    "sum": 10922561.168367
  },
  "total_output_tokens": {
    "unit": "tokens",
    "avg": 148837.0
  },
  "benchmark_duration": {
    "unit": "sec",
    "avg": 269.170092886
  },
  "total_isl": {
    "unit": "tokens",
    "avg": 5973937.0
  },
  "total_osl": {
    "unit": "tokens",
    "avg": 148837.0
  },
  "telemetry_data": {
    "summary": {
      "endpoints_configured": [],
      "endpoints_successful": [],
      "start_time": "2026-06-05T19:55:34.169005",
      "end_time": "2026-06-05T20:00:05.367245"
    },
    "endpoints": {},
    "error_summary": []
  },
  "input_config": {
    "endpoint": {
      "model_names": [
        "Qwen/Qwen3-8B"
      ],
      "type": "chat",
      "streaming": true,
      "urls": [
        "http://localhost:8000"
      ]
    },
    "input": {
      "file": "mooncake_1k.jsonl",
      "fixed_schedule": true,
      "fixed_schedule_auto_offset": true,
      "custom_dataset_type": "mooncake_trace",
      "prompt": {
        "input_tokens": {
          "block_size": 512
        }
      }
    },
    "output": {
      "artifact_directory": "results/N2/off/run_1"
    },
    "tokenizer": {
      "name": "Qwen/Qwen3-8B",
      "resolved_names": {
        "Qwen/Qwen3-8B": "Qwen/Qwen3-8B"
      }
    },
    "cli_command": "aiperf profile --model 'Qwen/Qwen3-8B' --tokenizer 'Qwen/Qwen3-8B' --endpoint-type 'chat' --streaming -u 'http://localhost:8000' --input-file 'mooncake_1k.jsonl' --custom-dataset-type 'mooncake_trace' --isl-block-size 512 --fixed-schedule --fixed-schedule-auto-offset --artifact-dir 'results/N2/off/run_1'",
    "benchmark_id": "006ecf70-9fab-4b70-923a-905b9f911ab3"
  },
  "was_cancelled": false,
  "error_summary": [],
  "start_time": "2026-06-05T19:55:34.169005",
  "end_time": "2026-06-05T20:00:03.351279",
  "http_req_connecting": {
    "unit": "ms",
    "avg": 0.243047703,
    "p1": 0.0,
    "p5": 0.0,
    "p10": 0.0,
    "p25": 0.0,
    "p50": 0.0,
    "p75": 0.393711,
    "p90": 0.6472384999999999,
    "p95": 0.8264470499999995,
    "p99": 3.2221682099999995,
    "min": 0.0,
    "max": 4.195069,
    "std": 0.6128790735110383,
    "count": 1000,
    "sum": 243.04770299999998
  },
  "http_req_blocked": {
    "unit": "ms",
    "avg": 0.0,
    "p1": 0.0,
    "p5": 0.0,
    "p10": 0.0,
    "p25": 0.0,
    "p50": 0.0,
    "p75": 0.0,
    "p90": 0.0,
    "p95": 0.0,
    "p99": 0.0,
    "min": 0.0,
    "max": 0.0,
    "std": 0.0,
    "count": 1000,
    "sum": 0.0
  },
  "http_req_dns_lookup": {
    "unit": "ms",
    "avg": 0.068878948,
    "p1": 0.0,
    "p5": 0.0,
    "p10": 0.0,
    "p25": 0.0,
    "p50": 0.0,
    "p75": 0.0,
    "p90": 0.0,
    "p95": 0.0,
    "p99": 2.2005666099999996,
    "min": 0.0,
    "max": 2.499136,
    "std": 0.3799683827626731,
    "count": 1000,
    "sum": 68.878948
  },
  "http_req_data_sent": {
    "unit": "KB",
    "avg": 25.5610751953125,
    "p1": 3.808505859375,
    "p5": 4.374755859375,
    "p10": 8.090625000000001,
    "p25": 13.409423828125,
    "p50": 26.73876953125,
    "p75": 30.606689453125,
    "p90": 40.85546875,
    "p95": 51.893701171875,
    "p99": 65.349609375,
    "min": 3.57421875,
    "max": 68.52734375,
    "std": 13.290022159839202,
    "count": 1000,
    "sum": 25561.0751953125
  },
  "time_to_first_output_token": {
    "unit": "ms",
    "avg": 16778.716501996998,
    "p1": 196.52339127,
    "p5": 381.0246858,
    "p10": 623.2417895,
    "p25": 2456.01195925,
    "p50": 10993.5043935,
    "p75": 30695.864681249997,
    "p90": 41493.1300459,
    "p95": 49392.054965999996,
    "p99": 51307.31307316999,
    "min": 82.363329,
    "max": 55018.499945999996,
    "std": 16115.207205920044,
    "count": 1000,
    "sum": 16778716.501996998
  },
  "http_req_duration": {
    "unit": "ms",