{
  "schema_version": "1.1",
  "aiperf_version": "0.8.0",
  "benchmark_id": "0a39293d-414a-4164-bd88-f04223d44668",
  "request_throughput": {
    "unit": "requests/sec",
    "avg": 4.394410287449753
  },
  "request_latency": {
    "unit": "ms",
    "avg": 4789.36824777,
    "p1": 174.25266353,
    "p5": 214.20289225,
    "p10": 250.95466,
    "p25": 537.20024575,
    "p50": 1098.896196,
    "p75": 9183.609210749999,
    "p90": 14959.6150847,
    "p95": 17436.891401,
    "p99": 22225.33971852,
    "min": 133.07094,
    "max": 32147.304777999998,
    "std": 6216.774155719881,
    "count": 1000,
    "sum": 4789368.247769999
  },
  "request_count": {
    "unit": "requests",
    "avg": 1000.0
  },
  "time_to_first_token": {
    "unit": "ms",
    "avg": 375.635287813,
    "p1": 79.76217984,
    "p5": 98.79882185,
    "p10": 110.93874579999999,
    "p25": 132.21938749999998,
    "p50": 199.30791399999998,
    "p75": 448.78291325,
    "p90": 974.1521851000002,
    "p95": 1301.9384406499996,
    "p99": 1722.4237274299992,
    "min": 67.371319,
    "max": 2143.666124,
    "std": 388.69271514529134,
    "count": 1000,
    "sum": 375635.287813
  },
  "time_to_second_token": {
    "unit": "ms",
    "avg": 47.810058619859575,
    "p1": 19.78785184,
    "p5": 21.658786399999997,
    "p10": 22.293428199999997,
    "p25": 23.708873999999998,
    "p50": 26.112868,
    "p75": 40.99648,
    "p90": 145.21433919999998,
    "p95": 155.442053,
    "p99": 169.08775467999985,
    "min": 18.017967,
    "max": 197.961088,
    "std": 44.356005370320744,
    "count": 997,
    "sum": 47666.628443999994
  },
  "inter_token_latency": {
    "unit": "ms",
    "avg": 36.240127148815816,
    "p1": 22.08808224,
    "p5": 22.9956954,
    "p10": 23.55537050222222,
    "p25": 25.40982837473684,
    "p50": 28.525180499999998,
    "p75": 33.57943529017857,
    "p90": 59.552175718823506,
    "p95": 78.06746286608694,
    "p99": 160.70138497999997,
    "min": 11.9163485,
    "max": 167.8228615,
    "std": 24.368751138036604,
    "count": 997,
    "sum": 36131.406767369386
  },
  "output_token_throughput": {
    "unit": "tokens/sec",
    "avg": 650.3946945940007
  },
  "output_token_throughput_per_user": {
    "unit": "tokens/sec/user",
    "avg": 32.96521558136455,
    "p1": 6.222723652014343,
    "p5": 12.809473872979463,
    "p10": 16.792681994012902,
    "p25": 29.78013154058262,
    "p50": 35.05674574083764,
    "p75": 39.35485062127486,
    "p90": 42.45317372162942,
    "p95": 43.48641148052662,
    "p99": 45.27338815697819,
    "min": 5.958663742603387,
    "max": 83.9183244766633,
    "std": 9.565820534726118,
    "count": 997,
    "sum": 32866.31993462048
  },
  "output_sequence_length": {
    "unit": "tokens",
    "avg": 148.005,
    "p1": 3.0,
    "p5": 3.0,
    "p10": 3.0,
    "p25": 3.0,
    "p50": 26.0,
    "p75": 306.0,
    "p90": 480.1,
    "p95": 548.05,
    "p99": 720.02,
    "min": 1.0,
    "max": 1281.0,
    "std": 204.34889031996235,
    "count": 1000,
    "sum": 148005.0
  },
  "input_sequence_length": {
    "unit": "tokens",
    "avg": 5973.935,
    "p1": 893.0,
    "p5": 1006.5,
    "p10": 1884.0,
    "p25": 3192.75,
    "p50": 6202.0,
    "p75": 7086.25,
    "p90": 9576.0,
    "p95": 12093.899999999998,
    "p99": 15394.539999999999,
    "min": 890.0,
    "max": 16086.0,
    "std": 3106.0044904627875,
    "count": 1000,
    "sum": 5973935.0
  },
  "output_token_count": {
    "unit": "tokens",
    "avg": 148.005,
    "p1": 3.0,
    "p5": 3.0,
    "p10": 3.0,
    "p25": 3.0,
    "p50": 26.0,
    "p75": 306.0,
    "p90": 480.1,
    "p95": 548.05,
    "p99": 720.02,
    "min": 1.0,
    "max": 1281.0,
    "std": 204.34889031996235,
    "count": 1000,
    "sum": 148005.0
  },
  "inter_chunk_latency": {
    "unit": "ms",
    "avg": 30.02845841383134,
    "p1": 21.02782292871944,
    "p5": 21.73174513976209,
    "p10": 22.01841989316647,
    "p25": 22.610691074737858,
    "p50": 24.044648283369842,
    "p75": 26.957186975324852,
    "p90": 41.09086614439115,
    "p95": 42.619445508964986,
    "p99": 171.9826633701734,
    "min": 0.0,
    "max": 240.462952,
    "std": 22.816067750945003,
    "count": 146985,
    "sum": 4413732.959957
  },
  "total_output_tokens": {
    "unit": "tokens",
    "avg": 148005.0
  },
  "benchmark_duration": {
    "unit": "sec",
    "avg": 227.56181935400002
  },
  "total_isl": {
    "unit": "tokens",
    "avg": 5973935.0
  },
  "total_osl": {
    "unit": "tokens",
    "avg": 148005.0
  },
  "telemetry_data": {
    "summary": {
      "endpoints_configured": [],
      "endpoints_successful": [],
      "start_time": "2026-06-05T21:38:05.128417",
      "end_time": "2026-06-05T21:41:54.721234"
    },
    "endpoints": {},
    "error_summary": []
  },
  "input_config": {
    "endpoint": {
      "model_names": [
        "Qwen/Qwen3-8B"
      ],
      "type": "chat",
      "streaming": true,
      "urls": [
        "http://localhost:8000"
      ]
    },
    "input": {
      "file": "mooncake_1k.jsonl",
      "fixed_schedule": true,
      "fixed_schedule_auto_offset": true,
      "custom_dataset_type": "mooncake_trace",
      "prompt": {
        "input_tokens": {
          "block_size": 512
        }
      }
    },
    "output": {
      "artifact_directory": "results/N8/off/run_1"
    },
    "tokenizer": {
      "name": "Qwen/Qwen3-8B",
      "resolved_names": {
        "Qwen/Qwen3-8B": "Qwen/Qwen3-8B"
      }
    },
    "cli_command": "aiperf profile --model 'Qwen/Qwen3-8B' --tokenizer 'Qwen/Qwen3-8B' --endpoint-type 'chat' --streaming -u 'http://localhost:8000' --input-file 'mooncake_1k.jsonl' --custom-dataset-type 'mooncake_trace' --isl-block-size 512 --fixed-schedule --fixed-schedule-auto-offset --artifact-dir 'results/N8/off/run_1'",
    "benchmark_id": "0a39293d-414a-4164-bd88-f04223d44668"
  },
  "was_cancelled": false,
  "error_summary": [],
  "start_time": "2026-06-05T21:38:05.128417",
  "end_time": "2026-06-05T21:41:52.703309",
  "http_req_sending": {
    "unit": "ms",
    "avg": 0.346238857,
    "p1": 0.13063282,
    "p5": 0.14506039999999998,
    "p10": 0.1535981,
    "p25": 0.1700455,
    "p50": 0.19526749999999998,
    "p75": 0.23096224999999998,
    "p90": 0.3211436000000001,
    "p95": 0.9606975999999992,
    "p99": 3.684330839999999,
    "min": 0.085501,
    "max": 5.6907119999999995,
    "std": 0.6258328013726578,
    "count": 1000,
    "sum": 346.238857
  },
  "http_req_waiting": {
    "unit": "ms",
    "avg": 375.174520512,
    "p1": 79.39369278,
    "p5": 98.47647084999998,
    "p10": 110.1179101,
    "p25": 131.91773525,
    "p50": 199.032144,
    "p75": 448.4468035,
    "p90": 973.8239392000003,
    "p95": 1301.6837911499995,
    "p99": 1721.0847308599991,
    "min": 66.975691,
    "max": 2143.409701,
    "std": 388.61619641158796,
    "count": 1000,
    "sum": 375174.52051199996
  },
  "http_req_connection_reused": {
    "unit": "ratio",
    "avg": 0.937,
    "p1": 0.0,
    "p5": 0.0,
    "p10": 1.0,
    "p25": 1.0,
    "p50": 1.0,
    "p75": 1.0,
    "p90": 1.0,
    "p95": 1.0,
    "p99": 1.0,
    "min": 0.0,
    "max": 1.0,
    "std": 0.24296296014001803,
    "count": 1000,
    "sum": 937.0
  },
  "http_req_connecting": {
    "unit": "ms",
    "avg": 0.12317679599999999,
    "p1": 0.0,
    "p5": 0.0,
    "p10": 0.0,
    "p25": 0.0,
    "p50": 0.0,
    "p75": 0.0,
    "p90": 0.0,
    "p95": 0.6953315499999997,
    "p99": 3.1566029299999996,
    "min": 0.0,
    "max": 5.04218,
    "std": 0.562515221188366,
    "count": 1000,
    "sum": 123.176796
  },
  "http_req_dns_lookup": {
    "unit": "ms",
    "avg": 0.071530314,
    "p1": 0.0,
    "p5": 0.0,
    "p10": 0.0,
    "p25": 0.0,
    "p50": 0.0,
    "p75": 0.0,
    "p90": 0.0,
    "p95": 0.0,
    "p99": 2.28242498,
    "min": 0.0,
    "max": 3.1983859999999997,
    "std": 0.3965521633789348,
    "count": 1000,
    "sum": 71.53031399999999
  },
  "http_req_blocked": {
    "unit": "ms",
    "avg": 0.0,
    "p1": 0.0,
    "p5": 0.0,
    "p10": 0.0,
    "p25": 0.0,
    "p50": 0.0,