{
  "schema_version": "1.1",
  "aiperf_version": "0.8.0",
  "benchmark_id": "c73962c3-7ade-4c93-8e13-b22d98333e3f",
  "request_throughput": {
    "unit": "requests/sec",
    "avg": 4.396521476609504
  },
  "request_latency": {
    "unit": "ms",
    "avg": 5682.097920056,
    "p1": 256.19138232,
    "p5": 328.5670714,
    "p10": 484.4328396,
    "p25": 754.85824825,
    "p50": 1618.549761,
    "p75": 10946.169269,
    "p90": 17192.9256489,
    "p95": 20213.075280849996,
    "p99": 26118.347996889992,
    "min": 171.84519699999998,
    "max": 48562.031376,
    "std": 7160.3515187218745,
    "count": 1000,
    "sum": 5682097.920055999
  },
  "request_count": {
    "unit": "requests",
    "avg": 1000.0
  },
  "time_to_first_token": {
    "unit": "ms",
    "avg": 515.9096311349999,
    "p1": 83.71321203,
    "p5": 107.3194074,
    "p10": 125.4336387,
    "p25": 181.15691825,
    "p50": 311.366515,
    "p75": 665.83124075,
    "p90": 1264.7120674,
    "p95": 1663.4624633999997,
    "p99": 2309.013940319999,
    "min": 66.12731099999999,
    "max": 2681.497562,
    "std": 500.8419753629213,
    "count": 1000,
    "sum": 515909.631135
  },
  "time_to_second_token": {
    "unit": "ms",
    "avg": 95.21336109227683,
    "p1": 20.31230396,
    "p5": 22.4224194,
    "p10": 23.3816368,
    "p25": 26.506708,
    "p50": 88.445754,
    "p75": 163.195295,
    "p90": 174.73299179999998,
    "p95": 180.50351619999998,
    "p99": 196.99772947999995,
    "min": 17.902303,
    "max": 211.212989,
    "std": 65.48640921153051,
    "count": 997,
    "sum": 94927.721009
  },
  "inter_token_latency": {
    "unit": "ms",
    "avg": 57.39600775031471,
    "p1": 22.541879693333332,
    "p5": 23.709019601307187,
    "p10": 24.5720957,
    "p25": 28.2179285,
    "p50": 35.46363490756302,
    "p75": 65.36854802631578,
    "p90": 160.4586583,
    "p95": 175.4342571,
    "p99": 184.08023494,
    "min": 21.382913,
    "max": 204.77981799999998,
    "std": 47.06061022778475,
    "count": 997,
    "sum": 57223.81972706376
  },
  "output_token_throughput": {
    "unit": "tokens/sec",
    "avg": 657.6096998638666
  },
  "output_token_throughput_per_user": {
    "unit": "tokens/sec/user",
    "avg": 25.846738385175026,
    "p1": 5.43241397872985,
    "p5": 5.700143303008939,
    "p10": 6.2321354872237125,
    "p25": 15.29787688717553,
    "p50": 28.197899132633427,
    "p75": 35.43846246544993,
    "p90": 40.69657384485072,
    "p95": 42.17804103994705,
    "p99": 44.36188587513829,
    "min": 4.883293723798504,
    "max": 46.766312896657254,
    "std": 11.837539911059329,
    "count": 997,
    "sum": 25769.19817001955
  },
  "output_sequence_length": {
    "unit": "tokens",
    "avg": 149.575,
    "p1": 3.0,
    "p5": 3.0,
    "p10": 3.0,
    "p25": 3.0,
    "p50": 26.0,
    "p75": 306.0,
    "p90": 481.0,
    "p95": 550.1999999999998,
    "p99": 745.1499999999999,
    "min": 1.0,
    "max": 1644.0,
    "std": 210.50979638724655,
    "count": 1000,
    "sum": 149575.0
  },
  "input_sequence_length": {
    "unit": "tokens",
    "avg": 5973.936,
    "p1": 893.0,
    "p5": 1006.5,
    "p10": 1884.0,
    "p25": 3192.75,
    "p50": 6202.0,
    "p75": 7086.25,
    "p90": 9576.0,
    "p95": 12093.899999999998,
    "p99": 15394.539999999999,
    "min": 890.0,
    "max": 16086.0,
    "std": 3106.0077758923912,
    "count": 1000,
    "sum": 5973936.0
  },
  "output_token_count": {
    "unit": "tokens",
    "avg": 149.575,
    "p1": 3.0,
    "p5": 3.0,
    "p10": 3.0,
    "p25": 3.0,
    "p50": 26.0,
    "p75": 306.0,
    "p90": 481.0,
    "p95": 550.1999999999998,
    "p99": 745.1499999999999,
    "min": 1.0,
    "max": 1644.0,
    "std": 210.50979638724655,
    "count": 1000,
    "sum": 149575.0
  },
  "inter_chunk_latency": {
    "unit": "ms",
    "avg": 34.770181173373444,
    "p1": 20.256773980400936,
    "p5": 21.690182507553015,
    "p10": 22.035105812443298,
    "p25": 22.679384715172475,
    "p50": 24.08843357559598,
    "p75": 26.32527373515252,
    "p90": 40.778861584066235,
    "p95": 153.53989729285016,
    "p99": 201.4378538744532,
    "min": 1.9977909999999999,
    "max": 249.69314599999998,
    "std": 36.948354720323,
    "count": 148581,
    "sum": 5166188.2889209995
  },
  "total_output_tokens": {
    "unit": "tokens",
    "avg": 149575.0
  },
  "benchmark_duration": {
    "unit": "sec",
    "avg": 227.452545227
  },
  "total_isl": {
    "unit": "tokens",
    "avg": 5973936.0
  },
  "total_osl": {
    "unit": "tokens",
    "avg": 149575.0
  },
  "telemetry_data": {
    "summary": {
      "endpoints_configured": [],
      "endpoints_successful": [],
      "start_time": "2026-06-05T20:57:31.652467",
      "end_time": "2026-06-05T21:01:21.135002"
    },
    "endpoints": {},
    "error_summary": []
  },
  "input_config": {
    "endpoint": {
      "model_names": [
        "Qwen/Qwen3-8B"
      ],
      "type": "chat",
      "streaming": true,
      "urls": [
        "http://localhost:8000"
      ]
    },
    "input": {
      "file": "mooncake_1k.jsonl",
      "fixed_schedule": true,
      "fixed_schedule_auto_offset": true,
      "custom_dataset_type": "mooncake_trace",
      "prompt": {
        "input_tokens": {
          "block_size": 512
        }
      }
    },
    "output": {
      "artifact_directory": "results/N4/off/run_3"
    },
    "tokenizer": {
      "name": "Qwen/Qwen3-8B",
      "resolved_names": {
        "Qwen/Qwen3-8B": "Qwen/Qwen3-8B"
      }
    },
    "cli_command": "aiperf profile --model 'Qwen/Qwen3-8B' --tokenizer 'Qwen/Qwen3-8B' --endpoint-type 'chat' --streaming -u 'http://localhost:8000' --input-file 'mooncake_1k.jsonl' --custom-dataset-type 'mooncake_trace' --isl-block-size 512 --fixed-schedule --fixed-schedule-auto-offset --artifact-dir 'results/N4/off/run_3'",
    "benchmark_id": "c73962c3-7ade-4c93-8e13-b22d98333e3f"
  },
  "was_cancelled": false,
  "error_summary": [],
  "start_time": "2026-06-05T20:57:31.652467",
  "end_time": "2026-06-05T21:01:19.119085",
  "http_req_chunks_sent": {
    "unit": "count",
    "avg": 1.0,
    "p1": 1.0,
    "p5": 1.0,
    "p10": 1.0,
    "p25": 1.0,
    "p50": 1.0,
    "p75": 1.0,
    "p90": 1.0,
    "p95": 1.0,
    "p99": 1.0,
    "min": 1.0,
    "max": 1.0,
    "std": 0.0,
    "count": 1000,
    "sum": 1000.0
  },
  "http_req_data_received": {
    "unit": "KB",
    "avg": 44.7869228515625,
    "p1": 0.9150390625,
    "p5": 0.9150390625,
    "p10": 0.9150390625,
    "p25": 0.9150390625,
    "p50": 7.7958984375,
    "p75": 91.509765625,
    "p90": 143.94130859375,
    "p95": 164.83769531249996,
    "p99": 223.05419921874997,
    "min": 0.3193359375,
    "max": 491.66015625,
    "std": 63.00342377343916,
    "count": 1000,
    "sum": 44786.9228515625
  },
  "http_req_duration": {
    "unit": "ms",
    "avg": 5682.896815499,
    "p1": 256.27722277,
    "p5": 328.75701295,
    "p10": 485.2508826,
    "p25": 755.1564364999999,
    "p50": 1619.39215,
    "p75": 10947.79502475,
    "p90": 17192.9814115,
    "p95": 20214.3656977,
    "p99": 26118.451853769988,
    "min": 172.64868099999998,
    "max": 48562.090866,
    "std": 7160.565720493463,
    "count": 1000,
    "sum": 5682896.815498999
  },
  "http_req_chunks_received": {
    "unit": "count",
    "avg": 150.262,
    "p1": 3.0,
    "p5": 3.0,
    "p10": 4.0,
    "p25": 4.0,
    "p50": 27.0,
    "p75": 307.0,
    "p90": 481.0,
    "p95": 550.2499999999998,
    "p99": 746.1499999999999,
    "min": 2.0,
    "max": 1645.0,
    "std": 210.50705773441422,
    "count": 1000,
    "sum": 150262.0
  },
  "http_req_receiving": {
    "unit": "ms",
    "avg": 5167.10227958,
    "p1": 45.722175119999996,
    "p5": 50.62118195,
    "p10": 58.559315100000006,
    "p25": 365.38165875,
    "p50": 1317.312977,
    "p75": 10140.7587695,
    "p90": 16203.046991500001,
    "p95": 19244.034522649996,
    "p99": 25739.32003055,
    "min": 0.7697609999999999,
    "max": 46939.119031999995,
    "std": 6946.328480497641,
    "count": 1000,
    "sum": 5167102.27958
  },