{
  "schema_version": "1.1",
  "aiperf_version": "0.8.0",
  "benchmark_id": "e7cadbd1-0f1e-4839-97e3-5f2779003192",
  "request_throughput": {
    "unit": "requests/sec",
    "avg": 4.42223563987046
  },
  "request_latency": {
    "unit": "ms",
    "avg": 4796.1876995600005,
    "p1": 247.39042755999998,
    "p5": 330.1570375,
    "p10": 423.6480346,
    "p25": 665.1388195,
    "p50": 1264.2795445,
    "p75": 9318.72510475,
    "p90": 14609.254089099999,
    "p95": 16517.7148541,
    "p99": 22439.52840882,
    "min": 201.630046,
    "max": 30715.455298999997,
    "std": 6002.2564422663145,
    "count": 1000,
    "sum": 4796187.69956
  },
  "request_count": {
    "unit": "requests",
    "avg": 1000.0
  },
  "time_to_first_token": {
    "unit": "ms",
    "avg": 433.337901372,
    "p1": 77.78859804,
    "p5": 110.99688145,
    "p10": 144.58625959999998,
    "p25": 199.3785345,
    "p50": 312.960286,
    "p75": 531.04687625,
    "p90": 913.5407895,
    "p95": 1274.6260726499997,
    "p99": 1691.22032191,
    "min": 61.868469,
    "max": 2079.225748,
    "std": 350.0696170845913,
    "count": 1000,
    "sum": 433337.901372
  },
  "time_to_second_token": {
    "unit": "ms",
    "avg": 82.50215116248746,
    "p1": 20.614179559999997,
    "p5": 22.0348738,
    "p10": 22.9944998,
    "p25": 25.025855999999997,
    "p50": 54.387589999999996,
    "p75": 146.09184299999998,
    "p90": 169.45905399999998,
    "p95": 184.232069,
    "p99": 192.76500851999998,
    "min": 19.240575,
    "max": 200.820224,
    "std": 61.02776003999902,
    "count": 997,
    "sum": 82254.644709
  },
  "inter_token_latency": {
    "unit": "ms",
    "avg": 43.73985350099617,
    "p1": 22.6251098,
    "p5": 23.663906899999997,
    "p10": 24.53508142738538,
    "p25": 26.65050445945946,
    "p50": 30.32879123076923,
    "p75": 43.86945376470588,
    "p90": 81.51241089999999,
    "p95": 127.04021969999997,
    "p99": 171.89474447999999,
    "min": 14.061513999999999,
    "max": 202.6115825,
    "std": 33.00909429816334,
    "count": 997,
    "sum": 43608.633940493186
  },
  "output_token_throughput": {
    "unit": "tokens/sec",
    "avg": 656.5339475664483
  },
  "output_token_throughput_per_user": {
    "unit": "tokens/sec/user",
    "avg": 29.79443256175165,
    "p1": 5.817515303761682,
    "p5": 7.871530784596051,
    "p10": 12.268085901844776,
    "p25": 22.794904294079128,
    "p50": 32.97197017814141,
    "p75": 37.522741887351216,
    "p90": 40.758017910918866,
    "p95": 42.25844887951657,
    "p99": 44.19870889328534,
    "min": 4.935551993924137,
    "max": 71.11609745579317,
    "std": 10.613731660213457,
    "count": 997,
    "sum": 29705.04926406641
  },
  "output_sequence_length": {
    "unit": "tokens",
    "avg": 148.462,
    "p1": 3.0,
    "p5": 3.0,
    "p10": 3.0,
    "p25": 3.0,
    "p50": 26.0,
    "p75": 304.5,
    "p90": 481.0,
    "p95": 550.1999999999998,
    "p99": 722.2299999999998,
    "min": 1.0,
    "max": 1281.0,
    "std": 205.67117580254165,
    "count": 1000,
    "sum": 148462.0
  },
  "input_sequence_length": {
    "unit": "tokens",
    "avg": 5973.938,
    "p1": 893.0,
    "p5": 1006.5,
    "p10": 1884.0,
    "p25": 3192.75,
    "p50": 6202.0,
    "p75": 7086.25,
    "p90": 9576.0,
    "p95": 12093.899999999998,
    "p99": 15394.539999999999,
    "min": 890.0,
    "max": 16086.0,
    "std": 3106.006153270788,
    "count": 1000,
    "sum": 5973938.0
  },
  "output_token_count": {
    "unit": "tokens",
    "avg": 148.462,
    "p1": 3.0,
    "p5": 3.0,
    "p10": 3.0,
    "p25": 3.0,
    "p50": 26.0,
    "p75": 304.5,
    "p90": 481.0,
    "p95": 550.1999999999998,
    "p99": 722.2299999999998,
    "min": 1.0,
    "max": 1281.0,
    "std": 205.67117580254165,
    "count": 1000,
    "sum": 148462.0
  },
  "inter_chunk_latency": {
    "unit": "ms",
    "avg": 29.58927477797446,
    "p1": 21.041052476178212,
    "p5": 21.718472215667955,
    "p10": 21.997446707294735,
    "p25": 22.560235162645064,
    "p50": 23.9540713725879,
    "p75": 26.605540461330243,
    "p90": 40.91597679078878,
    "p95": 42.399382542303016,
    "p99": 167.10244779110337,
    "min": 0.0,
    "max": 234.44193199999998,
    "std": 21.851726653231058,
    "count": 147447,
    "sum": 4362849.798188
  },
  "total_output_tokens": {
    "unit": "tokens",
    "avg": 148462.0
  },
  "benchmark_duration": {
    "unit": "sec",
    "avg": 226.12996715600002
  },
  "total_isl": {
    "unit": "tokens",
    "avg": 5973938.0
  },
  "total_osl": {
    "unit": "tokens",
    "avg": 148462.0
  },
  "telemetry_data": {
    "summary": {
      "endpoints_configured": [],
      "endpoints_successful": [],
      "start_time": "2026-06-05T22:03:31.219274",
      "end_time": "2026-06-05T22:07:19.380371"
    },
    "endpoints": {},
    "error_summary": []
  },
  "input_config": {
    "endpoint": {
      "model_names": [
        "Qwen/Qwen3-8B"
      ],
      "type": "chat",
      "streaming": true,
      "urls": [
        "http://localhost:8000"
      ]
    },
    "input": {
      "file": "mooncake_1k.jsonl",
      "fixed_schedule": true,
      "fixed_schedule_auto_offset": true,
      "custom_dataset_type": "mooncake_trace",
      "prompt": {
        "input_tokens": {
          "block_size": 512
        }
      }
    },
    "output": {
      "artifact_directory": "results/N8/on/run_2"
    },
    "tokenizer": {
      "name": "Qwen/Qwen3-8B",
      "resolved_names": {
        "Qwen/Qwen3-8B": "Qwen/Qwen3-8B"
      }
    },
    "cli_command": "aiperf profile --model 'Qwen/Qwen3-8B' --tokenizer 'Qwen/Qwen3-8B' --endpoint-type 'chat' --streaming -u 'http://localhost:8000' --input-file 'mooncake_1k.jsonl' --custom-dataset-type 'mooncake_trace' --isl-block-size 512 --fixed-schedule --fixed-schedule-auto-offset --artifact-dir 'results/N8/on/run_2'",
    "benchmark_id": "e7cadbd1-0f1e-4839-97e3-5f2779003192"
  },
  "was_cancelled": false,
  "error_summary": [],
  "start_time": "2026-06-05T22:03:31.219274",
  "end_time": "2026-06-05T22:07:17.362962",
  "http_req_chunks_sent": {
    "unit": "count",
    "avg": 1.0,
    "p1": 1.0,
    "p5": 1.0,
    "p10": 1.0,
    "p25": 1.0,
    "p50": 1.0,
    "p75": 1.0,
    "p90": 1.0,
    "p95": 1.0,
    "p99": 1.0,
    "min": 1.0,
    "max": 1.0,
    "std": 0.0,
    "count": 1000,
    "sum": 1000.0
  },
  "http_req_sending": {
    "unit": "ms",
    "avg": 0.35566536099999996,
    "p1": 0.12677512999999999,
    "p5": 0.1503245,
    "p10": 0.1589296,
    "p25": 0.17439025,
    "p50": 0.20050099999999998,
    "p75": 0.23586625,
    "p90": 0.3361636000000001,
    "p95": 1.0459416,
    "p99": 3.650032489999999,
    "min": 0.09170099999999999,
    "max": 4.494369,
    "std": 0.6249623119837809,
    "count": 1000,
    "sum": 355.66536099999996
  },
  "http_req_waiting": {
    "unit": "ms",
    "avg": 432.868226531,
    "p1": 77.51666399,
    "p5": 110.78394015,
    "p10": 143.85626159999998,
    "p25": 199.091059,
    "p50": 312.684917,
    "p75": 530.73427825,
    "p90": 913.2355087,
    "p95": 1274.3700810999999,
    "p99": 1690.9499168,
    "min": 61.587961,
    "max": 2078.844677,
    "std": 350.01552738836057,
    "count": 1000,
    "sum": 432868.226531
  },
  "http_req_chunks_received": {
    "unit": "count",
    "avg": 148.997,
    "p1": 3.0,
    "p5": 3.0,
    "p10": 3.0,
    "p25": 4.0,
    "p50": 26.5,
    "p75": 305.5,
    "p90": 481.1,
    "p95": 550.2499999999998,
    "p99": 721.2399999999998,
    "min": 1.0,
    "max": 1280.0,
    "std": 205.61299810809626,
    "count": 1000,
    "sum": 148997.0
  },
  "http_req_connection_reused": {
    "unit": "ratio",
    "avg": 0.936,
    "p1": 0.0,
    "p5": 0.0,
    "p10": 1.0,
    "p25": 1.0,
    "p50": 1.0,
    "p75": 1.0,
    "p90": 1.0,
    "p95": 1.0,
    "p99": 1.0,
    "min": 0.0,
    "max": 1.0,
    "std": 0.24475293665245368,
    "count": 1000,
    "sum": 936.0
  },
  "http_req_connecting": {
    "unit": "ms",
    "avg": 0.12470068,
    "p1": 0.0,
    "p5": 0.0,
    "p10": 0.0,
    "p25": 0.0,
    "p50": 0.0,
    "p75": 0.0,