{
  "schema_version": "1.1",
  "aiperf_version": "0.8.0",
  "benchmark_id": "14188c6a-6c1a-4e36-b1b7-84addf1cb98c",
  "request_throughput": {
    "unit": "requests/sec",
    "avg": 4.380693732376614
  },
  "request_latency": {
    "unit": "ms",
    "avg": 4849.858099873999,
    "p1": 166.85910647999998,
    "p5": 206.04993944999998,
    "p10": 249.6665882,
    "p25": 528.8031475,
    "p50": 1148.3211545,
    "p75": 9094.163522499999,
    "p90": 14918.4141252,
    "p95": 17443.062211699995,
    "p99": 22382.731186959994,
    "min": 149.92229799999998,
    "max": 49635.220084,
    "std": 6383.927465643259,
    "count": 1000,
    "sum": 4849858.099874
  },
  "request_count": {
    "unit": "requests",
    "avg": 1000.0
  },
  "time_to_first_token": {
    "unit": "ms",
    "avg": 369.802815568,
    "p1": 77.65334915,
    "p5": 97.42911405,
    "p10": 109.6929414,
    "p25": 131.73334225,
    "p50": 194.4596685,
    "p75": 421.94752324999996,
    "p90": 971.7429151,
    "p95": 1309.883092349999,
    "p99": 1668.1087203199995,
    "min": 62.867703,
    "max": 2147.767458,
    "std": 386.22780508140147,
    "count": 1000,
    "sum": 369802.81556799996
  },
  "time_to_second_token": {
    "unit": "ms",
    "avg": 47.64637377131394,
    "p1": 19.744547920000002,
    "p5": 21.3857658,
    "p10": 22.3928694,
    "p25": 23.799263,
    "p50": 26.38452,
    "p75": 40.205597,
    "p90": 145.751867,
    "p95": 156.66568059999997,
    "p99": 170.36799047999997,
    "min": 18.050981999999998,
    "max": 197.302212,
    "std": 44.518741195581185,
    "count": 997,
    "sum": 47503.434649999996
  },
  "inter_token_latency": {
    "unit": "ms",
    "avg": 36.04206119581347,
    "p1": 21.943657719999997,
    "p5": 23.1537603,
    "p10": 23.644373295999998,
    "p25": 25.467509838862558,
    "p50": 28.58065388235294,
    "p75": 33.69903499408284,
    "p90": 59.55312729130434,
    "p95": 79.19302275927602,
    "p99": 161.79603689999993,
    "min": 14.722515999999999,
    "max": 183.7390015,
    "std": 23.19102925634202,
    "count": 997,
    "sum": 35933.93501222604
  },
  "output_token_throughput": {
    "unit": "tokens/sec",
    "avg": 656.2936315160025
  },
  "output_token_throughput_per_user": {
    "unit": "tokens/sec/user",
    "avg": 32.83817859378656,
    "p1": 6.18064244377774,
    "p5": 12.62737548931865,
    "p10": 16.79173230101866,
    "p25": 29.67444023769786,
    "p50": 34.98870264187509,
    "p75": 39.265715663886134,
    "p90": 42.293361140212504,
    "p95": 43.18953044576274,
    "p99": 45.57125469801807,
    "min": 5.442502636001318,
    "max": 67.92317291419482,
    "std": 9.343940344927958,
    "count": 997,
    "sum": 32739.664058005197
  },
  "output_sequence_length": {
    "unit": "tokens",
    "avg": 149.815,
    "p1": 3.0,
    "p5": 3.0,
    "p10": 3.0,
    "p25": 3.0,
    "p50": 26.0,
    "p75": 306.0,
    "p90": 481.9000000000002,
    "p95": 555.0,
    "p99": 722.2299999999998,
    "min": 1.0,
    "max": 1644.0,
    "std": 210.77871518490664,
    "count": 1000,
    "sum": 149815.0
  },
  "input_sequence_length": {
    "unit": "tokens",
    "avg": 5973.935,
    "p1": 893.0,
    "p5": 1006.5,
    "p10": 1884.0,
    "p25": 3192.75,
    "p50": 6202.0,
    "p75": 7086.25,
    "p90": 9576.0,
    "p95": 12093.899999999998,
    "p99": 15394.539999999999,
    "min": 890.0,
    "max": 16086.0,
    "std": 3106.002523304673,
    "count": 1000,
    "sum": 5973935.0
  },
  "output_token_count": {
    "unit": "tokens",
    "avg": 149.815,
    "p1": 3.0,
    "p5": 3.0,
    "p10": 3.0,
    "p25": 3.0,
    "p50": 26.0,
    "p75": 306.0,
    "p90": 481.9000000000002,
    "p95": 555.0,
    "p99": 722.2299999999998,
    "min": 1.0,
    "max": 1644.0,
    "std": 210.77871518490664,
    "count": 1000,
    "sum": 149815.0
  },
  "inter_chunk_latency": {
    "unit": "ms",
    "avg": 30.11012429887962,
    "p1": 21.01630923903378,
    "p5": 21.723726262144123,
    "p10": 22.020352697704226,
    "p25": 22.629384904257474,
    "p50": 24.08413547244551,
    "p75": 27.13711365191108,
    "p90": 41.09670410816234,
    "p95": 42.61169662380362,
    "p99": 169.95820733111142,
    "min": 0.0,
    "max": 238.05328799999998,
    "std": 22.607642272140524,
    "count": 148789,
    "sum": 4480055.284306
  },
  "total_output_tokens": {
    "unit": "tokens",
    "avg": 149815.0
  },
  "benchmark_duration": {
    "unit": "sec",
    "avg": 228.274346734
  },
  "total_isl": {
    "unit": "tokens",
    "avg": 5973935.0
  },
  "total_osl": {
    "unit": "tokens",
    "avg": 149815.0
  },
  "telemetry_data": {
    "summary": {
      "endpoints_configured": [],
      "endpoints_successful": [],
      "start_time": "2026-06-05T21:43:07.938914",
      "end_time": "2026-06-05T21:46:58.241746"
    },
    "endpoints": {},
    "error_summary": []
  },
  "input_config": {
    "endpoint": {
      "model_names": [
        "Qwen/Qwen3-8B"
      ],
      "type": "chat",
      "streaming": true,
      "urls": [
        "http://localhost:8000"
      ]
    },
    "input": {
      "file": "mooncake_1k.jsonl",
      "fixed_schedule": true,
      "fixed_schedule_auto_offset": true,
      "custom_dataset_type": "mooncake_trace",
      "prompt": {
        "input_tokens": {
          "block_size": 512
        }
      }
    },
    "output": {
      "artifact_directory": "results/N8/off/run_2"
    },
    "tokenizer": {
      "name": "Qwen/Qwen3-8B",
      "resolved_names": {
        "Qwen/Qwen3-8B": "Qwen/Qwen3-8B"
      }
    },
    "cli_command": "aiperf profile --model 'Qwen/Qwen3-8B' --tokenizer 'Qwen/Qwen3-8B' --endpoint-type 'chat' --streaming -u 'http://localhost:8000' --input-file 'mooncake_1k.jsonl' --custom-dataset-type 'mooncake_trace' --isl-block-size 512 --fixed-schedule --fixed-schedule-auto-offset --artifact-dir 'results/N8/off/run_2'",
    "benchmark_id": "14188c6a-6c1a-4e36-b1b7-84addf1cb98c"
  },
  "was_cancelled": false,
  "error_summary": [],
  "start_time": "2026-06-05T21:43:07.938914",
  "end_time": "2026-06-05T21:46:56.226272",
  "http_req_chunks_received": {
    "unit": "count",
    "avg": 150.337,
    "p1": 3.0,
    "p5": 3.0,
    "p10": 3.0,
    "p25": 4.0,
    "p50": 26.5,
    "p75": 306.0,
    "p90": 482.9000000000002,
    "p95": 555.0,
    "p99": 723.2199999999998,
    "min": 1.0,
    "max": 1645.0,
    "std": 210.73890345875867,
    "count": 1000,
    "sum": 150337.0
  },
  "time_to_first_output_token": {
    "unit": "ms",
    "avg": 369.802815568,
    "p1": 77.65334915,
    "p5": 97.42911405,
    "p10": 109.6929414,
    "p25": 131.73334225,
    "p50": 194.4596685,
    "p75": 421.94752324999996,
    "p90": 971.7429151,
    "p95": 1309.883092349999,
    "p99": 1668.1087203199995,
    "min": 62.867703,
    "max": 2147.767458,
    "std": 386.22780508140147,
    "count": 1000,
    "sum": 369802.81556799996
  },
  "http_req_blocked": {
    "unit": "ms",
    "avg": 0.0,
    "p1": 0.0,
    "p5": 0.0,
    "p10": 0.0,
    "p25": 0.0,
    "p50": 0.0,
    "p75": 0.0,
    "p90": 0.0,
    "p95": 0.0,
    "p99": 0.0,
    "min": 0.0,
    "max": 0.0,
    "std": 0.0,
    "count": 1000,
    "sum": 0.0
  },
  "http_req_receiving": {
    "unit": "ms",
    "avg": 4480.573789920999,
    "p1": 44.19820252,
    "p5": 47.168350399999994,
    "p10": 49.4428256,
    "p25": 220.0228855,
    "p50": 901.1543915,
    "p75": 8602.154172999999,
    "p90": 14407.7183016,
    "p95": 16862.567880049995,
    "p99": 21901.457965759997,
    "min": 0.0,
    "max": 48371.194489999994,
    "std": 6198.543365702307,
    "count": 1000,
    "sum": 4480573.789921
  },
  "http_req_connecting": {
    "unit": "ms",
    "avg": 0.133174943,
    "p1": 0.0,
    "p5": 0.0,
    "p10": 0.0,
    "p25": 0.0,
    "p50": 0.0,
    "p75": 0.0,
    "p90": 0.0,
    "p95": 0.7300776999999995,
    "p99": 3.0564818799999998,
    "min": 0.0,
    "max": 13.132771,
    "std": 0.6799488751561679,
    "count": 1000,
    "sum": 133.17494299999998
  },
  "http_req_chunks_sent": {
    "unit": "count",
    "avg": 1.0,
    "p1": 1.0,
    "p5": 1.0,