{
  "schema_version": "1.1",
  "aiperf_version": "0.8.0",
  "benchmark_id": "0372c82c-1617-4291-9ac2-2f4f01ab8b77",
  "request_throughput": {
    "unit": "requests/sec",
    "avg": 4.522007666582197
  },
  "request_latency": {
    "unit": "ms",
    "avg": 5736.362480578,
    "p1": 344.11703929,
    "p5": 481.4391505,
    "p10": 585.2789119,
    "p25": 961.8219167499999,
    "p50": 1847.1945254999998,
    "p75": 11126.081839749999,
    "p90": 17112.0821754,
    "p95": 18672.943347249995,
    "p99": 24895.72611027,
    "min": 224.12897099999998,
    "max": 50429.378713,
    "std": 6901.32558075988,
    "count": 1000,
    "sum": 5736362.480578
  },
  "request_count": {
    "unit": "requests",
    "avg": 1000.0
  },
  "time_to_first_token": {
    "unit": "ms",
    "avg": 595.8889855049999,
    "p1": 94.10337945,
    "p5": 143.27456115,
    "p10": 175.25686720000002,
    "p25": 263.69679974999997,
    "p50": 453.06251499999996,
    "p75": 775.821995,
    "p90": 1269.0528234,
    "p95": 1587.7098155999997,
    "p99": 2354.3878189399998,
    "min": 72.453385,
    "max": 3046.108675,
    "std": 475.62475759940764,
    "count": 1000,
    "sum": 595888.985505
  },
  "time_to_second_token": {
    "unit": "ms",
    "avg": 121.72283809027081,
    "p1": 19.89762704,
    "p5": 22.6418106,
    "p10": 23.95284,
    "p25": 30.490589999999997,
    "p50": 155.495275,
    "p75": 172.10731199999998,
    "p90": 192.1027024,
    "p95": 197.02674499999998,
    "p99": 205.02565395999994,
    "min": 17.165771,
    "max": 219.27107999999998,
    "std": 66.97202314167235,
    "count": 997,
    "sum": 121357.669576
  },
  "inter_token_latency": {
    "unit": "ms",
    "avg": 63.798960514869314,
    "p1": 22.982450704615385,
    "p5": 24.426313659999998,
    "p10": 26.038850245801527,
    "p25": 30.737211121761657,
    "p50": 37.653589283237,
    "p75": 77.33456824999999,
    "p90": 166.8722541,
    "p95": 178.9097608,
    "p99": 198.06646857999985,
    "min": 21.310458999999998,
    "max": 204.7925285,
    "std": 50.30158133622201,
    "count": 997,
    "sum": 63607.56363332464
  },
  "output_token_throughput": {
    "unit": "tokens/sec",
    "avg": 675.3708890193842
  },
  "output_token_throughput_per_user": {
    "unit": "tokens/sec/user",
    "avg": 23.678039603859354,
    "p1": 5.048884202286618,
    "p5": 5.589410119281984,
    "p10": 5.992610622465599,
    "p25": 12.930827993599099,
    "p50": 26.557893126145878,
    "p75": 32.5338559844816,
    "p90": 38.40417512207925,
    "p95": 40.93945673043072,
    "p99": 43.51146329646095,
    "min": 4.882990640940301,
    "max": 46.92531493573179,
    "std": 11.562256986617443,
    "count": 997,
    "sum": 23607.005485047768
  },
  "output_sequence_length": {
    "unit": "tokens",
    "avg": 149.352,
    "p1": 3.0,
    "p5": 3.0,
    "p10": 3.0,
    "p25": 3.0,
    "p50": 26.0,
    "p75": 306.0,
    "p90": 481.30000000000007,
    "p95": 550.2499999999998,
    "p99": 745.1499999999999,
    "min": 1.0,
    "max": 1644.0,
    "std": 209.24184116949462,
    "count": 1000,
    "sum": 149352.0
  },
  "input_sequence_length": {
    "unit": "tokens",
    "avg": 5973.936,
    "p1": 893.0,
    "p5": 1006.5,
    "p10": 1884.0,
    "p25": 3192.75,
    "p50": 6202.0,
    "p75": 7086.25,
    "p90": 9576.0,
    "p95": 12093.899999999998,
    "p99": 15394.539999999999,
    "min": 890.0,
    "max": 16086.0,
    "std": 3106.0025904535237,
    "count": 1000,
    "sum": 5973936.0
  },
  "output_token_count": {
    "unit": "tokens",
    "avg": 149.352,
    "p1": 3.0,
    "p5": 3.0,
    "p10": 3.0,
    "p25": 3.0,
    "p50": 26.0,
    "p75": 306.0,
    "p90": 481.30000000000007,
    "p95": 550.2499999999998,
    "p99": 745.1499999999999,
    "min": 1.0,
    "max": 1644.0,
    "std": 209.24184116949462,
    "count": 1000,
    "sum": 149352.0
  },
  "inter_chunk_latency": {
    "unit": "ms",
    "avg": 34.65308643647407,
    "p1": 20.10589905145594,
    "p5": 21.68760188886837,
    "p10": 22.046272400334708,
    "p25": 22.69683916380005,
    "p50": 23.996235683784835,
    "p75": 26.0445191713583,
    "p90": 40.732695500261315,
    "p95": 155.37027825063447,
    "p99": 199.9677209225733,
    "min": 0.0,
    "max": 252.293478,
    "std": 36.95087687511915,
    "count": 148341,
    "sum": 5140473.495073
  },
  "total_output_tokens": {
    "unit": "tokens",
    "avg": 149352.0
  },
  "benchmark_duration": {
    "unit": "sec",
    "avg": 221.14071309300002
  },
  "total_isl": {
    "unit": "tokens",
    "avg": 5973936.0
  },
  "total_osl": {
    "unit": "tokens",
    "avg": 149352.0
  },
  "telemetry_data": {
    "summary": {
      "endpoints_configured": [],
      "endpoints_successful": [],
      "start_time": "2026-06-05T21:17:36.328009",
      "end_time": "2026-06-05T21:21:19.523845"
    },
    "endpoints": {},
    "error_summary": []
  },
  "input_config": {
    "endpoint": {
      "model_names": [
        "Qwen/Qwen3-8B"
      ],
      "type": "chat",
      "streaming": true,
      "urls": [
        "http://localhost:8000"
      ]
    },
    "input": {
      "file": "mooncake_1k.jsonl",
      "fixed_schedule": true,
      "fixed_schedule_auto_offset": true,
      "custom_dataset_type": "mooncake_trace",
      "prompt": {
        "input_tokens": {
          "block_size": 512
        }
      }
    },
    "output": {
      "artifact_directory": "results/N4/on/run_3"
    },
    "tokenizer": {
      "name": "Qwen/Qwen3-8B",
      "resolved_names": {
        "Qwen/Qwen3-8B": "Qwen/Qwen3-8B"
      }
    },
    "cli_command": "aiperf profile --model 'Qwen/Qwen3-8B' --tokenizer 'Qwen/Qwen3-8B' --endpoint-type 'chat' --streaming -u 'http://localhost:8000' --input-file 'mooncake_1k.jsonl' --custom-dataset-type 'mooncake_trace' --isl-block-size 512 --fixed-schedule --fixed-schedule-auto-offset --artifact-dir 'results/N4/on/run_3'",
    "benchmark_id": "0372c82c-1617-4291-9ac2-2f4f01ab8b77"
  },
  "was_cancelled": false,
  "error_summary": [],
  "start_time": "2026-06-05T21:17:36.328009",
  "end_time": "2026-06-05T21:21:17.506190",
  "http_req_chunks_received": {
    "unit": "count",
    "avg": 150.028,
    "p1": 3.0,
    "p5": 3.0,
    "p10": 4.0,
    "p25": 4.0,
    "p50": 27.0,
    "p75": 306.25,
    "p90": 482.4000000000001,
    "p95": 551.1999999999998,
    "p99": 744.1599999999999,
    "min": 1.0,
    "max": 1644.0,
    "std": 209.20580110503627,
    "count": 1000,
    "sum": 150028.0
  },
  "http_req_connecting": {
    "unit": "ms",
    "avg": 0.127058399,
    "p1": 0.0,
    "p5": 0.0,
    "p10": 0.0,
    "p25": 0.0,
    "p50": 0.0,
    "p75": 0.0,
    "p90": 0.0,
    "p95": 0.7215288999999995,
    "p99": 2.9882245999999997,
    "min": 0.0,
    "max": 4.114857,
    "std": 0.5496478011008502,
    "count": 1000,
    "sum": 127.058399
  },
  "http_req_chunks_sent": {
    "unit": "count",
    "avg": 1.0,
    "p1": 1.0,
    "p5": 1.0,
    "p10": 1.0,
    "p25": 1.0,
    "p50": 1.0,
    "p75": 1.0,
    "p90": 1.0,
    "p95": 1.0,
    "p99": 1.0,
    "min": 1.0,
    "max": 1.0,
    "std": 0.0,
    "count": 1000,
    "sum": 1000.0
  },
  "http_req_receiving": {
    "unit": "ms",
    "avg": 5141.59838108,
    "p1": 46.396601149999995,
    "p5": 54.6093115,
    "p10": 176.73202160000002,
    "p25": 377.27986675,
    "p50": 1464.550959,
    "p75": 10058.91489025,
    "p90": 16032.074508900001,
    "p95": 18134.677428349998,
    "p99": 23371.86678855,
    "min": 0.0,
    "max": 49091.571132,
    "std": 6735.756070551659,
    "count": 1000,
    "sum": 5141598.38108
  },
  "http_req_sending": {
    "unit": "ms",
    "avg": 0.351051676,
    "p1": 0.09572067999999999,
    "p5": 0.14821165,
    "p10": 0.15667289999999998,
    "p25": 0.17803025,
    "p50": 0.20174499999999998,
    "p75": 0.23380925,
    "p90": 0.33357500000000007,
    "p95": 1.0020039999999997,
    "p99": 3.501532619999999,
    "min": 0.080251,
    "max": 4.776687,
    "std": 0.6076203280510034,
    "count": 1000,
    "sum": 351.051676
  },
  "time_to_first_output_token": {
    "unit": "ms",