{
  "schema_version": "1.1",
  "aiperf_version": "0.8.0",
  "benchmark_id": "28a00dd0-adb7-4b31-a912-b88537be7e06",
  "request_throughput": {
    "unit": "requests/sec",
    "avg": 4.645493401251768
  },
  "request_latency": {
    "unit": "ms",
    "avg": 5696.68601504,
    "p1": 228.76813183000002,
    "p5": 330.1830436,
    "p10": 446.3420913,
    "p25": 780.3058655,
    "p50": 1659.722065,
    "p75": 11067.679189999999,
    "p90": 17367.7285443,
    "p95": 19923.072156199996,
    "p99": 26334.59082662,
    "min": 158.86365999999998,
    "max": 31528.402577999997,
    "std": 7109.168354460755,
    "count": 1000,
    "sum": 5696686.01504
  },
  "request_count": {
    "unit": "requests",
    "avg": 1000.0
  },
  "time_to_first_token": {
    "unit": "ms",
    "avg": 518.377111498,
    "p1": 86.0894587,
    "p5": 104.54936225,
    "p10": 123.4608938,
    "p25": 181.41018624999998,
    "p50": 314.616783,
    "p75": 660.857135,
    "p90": 1234.7981462999999,
    "p95": 1669.72066295,
    "p99": 2292.7224932999998,
    "min": 69.822242,
    "max": 2878.373181,
    "std": 504.2506440252242,
    "count": 1000,
    "sum": 518377.111498
  },
  "time_to_second_token": {
    "unit": "ms",
    "avg": 94.77850128585757,
    "p1": 19.6516758,
    "p5": 22.403496,
    "p10": 23.5084572,
    "p25": 26.301713,
    "p50": 83.83048199999999,
    "p75": 163.206721,
    "p90": 174.6381016,
    "p95": 182.92288359999995,
    "p99": 195.6499047999999,
    "min": 17.278491,
    "max": 211.02881299999999,
    "std": 65.81308254350957,
    "count": 997,
    "sum": 94494.165782
  },
  "inter_token_latency": {
    "unit": "ms",
    "avg": 57.29351192568473,
    "p1": 22.659076514285715,
    "p5": 23.68471454074074,
    "p10": 24.871172666666666,
    "p25": 28.6129905,
    "p50": 35.4907515,
    "p75": 63.96781827906976,
    "p90": 161.5899547,
    "p95": 174.9021785,
    "p99": 187.87797894,
    "min": 20.4724725,
    "max": 195.1146455,
    "std": 46.76855748142216,
    "count": 997,
    "sum": 57121.63138990773
  },
  "output_token_throughput": {
    "unit": "tokens/sec",
    "avg": 686.1486663516886
  },
  "output_token_throughput_per_user": {
    "unit": "tokens/sec/user",
    "avg": 25.69832039933389,
    "p1": 5.322603571401189,
    "p5": 5.7174818198716375,
    "p10": 6.188508955405365,
    "p25": 15.632860818190501,
    "p50": 28.17635462016069,
    "p75": 34.94916059193463,
    "p90": 40.20719410559091,
    "p95": 42.221327592323036,
    "p99": 44.1324781251183,
    "min": 5.125191896474014,
    "max": 48.846078557438524,
    "std": 11.679273621927749,
    "count": 997,
    "sum": 25621.22543813589
  },
  "output_sequence_length": {
    "unit": "tokens",
    "avg": 147.702,
    "p1": 3.0,
    "p5": 3.0,
    "p10": 3.0,
    "p25": 3.0,
    "p50": 26.0,
    "p75": 304.5,
    "p90": 481.0,
    "p95": 548.0999999999999,
    "p99": 720.02,
    "min": 1.0,
    "max": 929.0,
    "std": 203.09686161041483,
    "count": 1000,
    "sum": 147702.0
  },
  "input_sequence_length": {
    "unit": "tokens",
    "avg": 5973.936,
    "p1": 893.0,
    "p5": 1006.5,
    "p10": 1884.0,
    "p25": 3192.75,
    "p50": 6202.0,
    "p75": 7086.25,
    "p90": 9576.0,
    "p95": 12093.899999999998,
    "p99": 15394.539999999999,
    "min": 890.0,
    "max": 16086.0,
    "std": 3106.006661278111,
    "count": 1000,
    "sum": 5973936.0
  },
  "output_token_count": {
    "unit": "tokens",
    "avg": 147.702,
    "p1": 3.0,
    "p5": 3.0,
    "p10": 3.0,
    "p25": 3.0,
    "p50": 26.0,
    "p75": 304.5,
    "p90": 481.0,
    "p95": 548.0999999999999,
    "p99": 720.02,
    "min": 1.0,
    "max": 929.0,
    "std": 203.09686161041483,
    "count": 1000,
    "sum": 147702.0
  },
  "inter_chunk_latency": {
    "unit": "ms",
    "avg": 35.29935106745196,
    "p1": 20.1377386591554,
    "p5": 21.727711139811607,
    "p10": 22.10245250265826,
    "p25": 22.82654609522244,
    "p50": 24.327570828793323,
    "p75": 26.766746758583718,
    "p90": 40.996862724477296,
    "p95": 158.29139805837502,
    "p99": 201.66681266063037,
    "min": 0.0,
    "max": 247.44920399999998,
    "std": 37.53469985192328,
    "count": 146697,
    "sum": 5178308.903542
  },
  "total_output_tokens": {
    "unit": "tokens",
    "avg": 147702.0
  },
  "benchmark_duration": {
    "unit": "sec",
    "avg": 215.262387356
  },
  "total_isl": {
    "unit": "tokens",
    "avg": 5973936.0
  },
  "total_osl": {
    "unit": "tokens",
    "avg": 147702.0
  },
  "telemetry_data": {
    "summary": {
      "endpoints_configured": [],
      "endpoints_successful": [],
      "start_time": "2026-06-05T20:47:33.006872",
      "end_time": "2026-06-05T20:51:10.320550"
    },
    "endpoints": {},
    "error_summary": []
  },
  "input_config": {
    "endpoint": {
      "model_names": [
        "Qwen/Qwen3-8B"
      ],
      "type": "chat",
      "streaming": true,
      "urls": [
        "http://localhost:8000"
      ]
    },
    "input": {
      "file": "mooncake_1k.jsonl",
      "fixed_schedule": true,
      "fixed_schedule_auto_offset": true,
      "custom_dataset_type": "mooncake_trace",
      "prompt": {
        "input_tokens": {
          "block_size": 512
        }
      }
    },
    "output": {
      "artifact_directory": "results/N4/off/run_1"
    },
    "tokenizer": {
      "name": "Qwen/Qwen3-8B",
      "resolved_names": {
        "Qwen/Qwen3-8B": "Qwen/Qwen3-8B"
      }
    },
    "cli_command": "aiperf profile --model 'Qwen/Qwen3-8B' --tokenizer 'Qwen/Qwen3-8B' --endpoint-type 'chat' --streaming -u 'http://localhost:8000' --input-file 'mooncake_1k.jsonl' --custom-dataset-type 'mooncake_trace' --isl-block-size 512 --fixed-schedule --fixed-schedule-auto-offset --artifact-dir 'results/N4/off/run_1'",
    "benchmark_id": "28a00dd0-adb7-4b31-a912-b88537be7e06"
  },
  "was_cancelled": false,
  "error_summary": [],
  "start_time": "2026-06-05T20:47:33.006872",
  "end_time": "2026-06-05T20:51:08.305111",
  "http_req_data_sent": {
    "unit": "KB",
    "avg": 25.4912685546875,
    "p1": 3.93541015625,
    "p5": 4.5681640625,
    "p10": 8.1640625,
    "p25": 13.613525390625,
    "p50": 26.38232421875,
    "p75": 30.17431640625,
    "p90": 40.912890625,
    "p95": 52.096142578124976,
    "p99": 65.96939453124999,
    "min": 3.8271484375,
    "max": 68.7509765625,
    "std": 13.247790440980895,
    "count": 1000,
    "sum": 25491.2685546875
  },
  "time_to_first_output_token": {
    "unit": "ms",
    "avg": 518.377111498,
    "p1": 86.0894587,
    "p5": 104.54936225,
    "p10": 123.4608938,
    "p25": 181.41018624999998,
    "p50": 314.616783,
    "p75": 660.857135,
    "p90": 1234.7981462999999,
    "p95": 1669.72066295,
    "p99": 2292.7224932999998,
    "min": 69.822242,
    "max": 2878.373181,
    "std": 504.2506440252242,
    "count": 1000,
    "sum": 518377.111498
  },
  "http_req_blocked": {
    "unit": "ms",
    "avg": 0.0,
    "p1": 0.0,
    "p5": 0.0,
    "p10": 0.0,
    "p25": 0.0,
    "p50": 0.0,
    "p75": 0.0,
    "p90": 0.0,
    "p95": 0.0,
    "p99": 0.0,
    "min": 0.0,
    "max": 0.0,
    "std": 0.0,
    "count": 1000,
    "sum": 0.0
  },
  "http_req_sending": {
    "unit": "ms",
    "avg": 0.356418103,
    "p1": 0.13382139999999998,
    "p5": 0.14856054999999999,
    "p10": 0.15633339999999998,
    "p25": 0.1758195,
    "p50": 0.2004925,
    "p75": 0.23845924999999998,
    "p90": 0.33276500000000003,
    "p95": 1.131277549999999,
    "p99": 3.4989715599999993,
    "min": 0.083521,
    "max": 7.869206999999999,
    "std": 0.6334888493346764,
    "count": 1000,
    "sum": 356.418103
  },
  "http_req_dns_lookup": {
    "unit": "ms",
    "avg": 0.068502352,
    "p1": 0.0,
    "p5": 0.0,
    "p10": 0.0,
    "p25": 0.0,
    "p50": 0.0,
    "p75": 0.0,
    "p90": 0.0,
    "p95": 0.0,
    "p99": 2.22570494,
    "min": 0.0,
    "max": 2.514629,
    "std": 0.37816219493599573,
    "count": 1000,
    "sum": 68.502352
  },
  "http_req_connecting": {
    "unit": "ms",
    "avg": 0.128740509,
    "p1": 0.0,
    "p5": 0.0,
    "p10": 0.0,