{
  "schema_version": "1.1",
  "aiperf_version": "0.8.0",
  "benchmark_id": "e5a55216-2914-405e-820b-a76cc4985cc5",
  "request_throughput": {
    "unit": "requests/sec",
    "avg": 4.484500745926653
  },
  "request_latency": {
    "unit": "ms",
    "avg": 4873.391999615,
    "p1": 229.41815666,
    "p5": 310.73426374999997,
    "p10": 432.302757,
    "p25": 732.982984,
    "p50": 1270.1661265,
    "p75": 9756.146696,
    "p90": 14594.369566200003,
    "p95": 16879.5034417,
    "p99": 20615.231691219997,
    "min": 168.068668,
    "max": 49590.853996,
    "std": 6148.133283325091,
    "count": 1000,
    "sum": 4873391.999615
  },
  "request_count": {
    "unit": "requests",
    "avg": 1000.0
  },
  "time_to_first_token": {
    "unit": "ms",
    "avg": 443.854868323,
    "p1": 76.21639114,
    "p5": 114.17391454999999,
    "p10": 143.9192971,
    "p25": 208.72577675,
    "p50": 337.11393699999996,
    "p75": 520.0230245,
    "p90": 933.4388766,
    "p95": 1204.7523882499997,
    "p99": 1783.4385325399996,
    "min": 64.350338,
    "max": 2161.965003,
    "std": 352.2705399028373,
    "count": 1000,
    "sum": 443854.868323
  },
  "time_to_second_token": {
    "unit": "ms",
    "avg": 83.09690677031094,
    "p1": 20.08282492,
    "p5": 22.2375848,
    "p10": 23.1849688,
    "p25": 25.216148999999998,
    "p50": 46.006496999999996,
    "p75": 149.06132399999998,
    "p90": 168.4763384,
    "p95": 183.48343619999997,
    "p99": 192.85502372,
    "min": 17.678991,
    "max": 214.733917,
    "std": 62.391908499095514,
    "count": 997,
    "sum": 82847.61605
  },
  "inter_token_latency": {
    "unit": "ms",
    "avg": 43.25218796579901,
    "p1": 22.821543956190478,
    "p5": 23.817605392961877,
    "p10": 24.4127425,
    "p25": 26.91827505,
    "p50": 30.622925,
    "p75": 41.420733999999996,
    "p90": 76.96695087391305,
    "p95": 117.63328999999997,
    "p99": 162.66281093999999,
    "min": 15.653500999999999,
    "max": 199.7444625,
    "std": 32.288917038484946,
    "count": 997,
    "sum": 43122.431401901595
  },
  "output_token_throughput": {
    "unit": "tokens/sec",
    "avg": 668.4641656885728
  },
  "output_token_throughput_per_user": {
    "unit": "tokens/sec/user",
    "avg": 29.79010354645899,
    "p1": 6.147688001541901,
    "p5": 8.501004081768416,
    "p10": 12.99259125369315,
    "p25": 24.14249829566033,
    "p50": 32.65527378589733,
    "p75": 37.14948294950273,
    "p90": 40.96221501302388,
    "p95": 41.98575106418658,
    "p99": 43.81827278954528,
    "min": 5.00639661036911,
    "max": 63.88347245769493,
    "std": 10.311496352156022,
    "count": 997,
    "sum": 29700.73323581962
  },
  "output_sequence_length": {
    "unit": "tokens",
    "avg": 149.061,
    "p1": 3.0,
    "p5": 3.0,
    "p10": 3.0,
    "p25": 3.0,
    "p50": 26.0,
    "p75": 306.0,
    "p90": 481.0,
    "p95": 549.05,
    "p99": 720.02,
    "min": 1.0,
    "max": 1644.0,
    "std": 208.77727673049097,
    "count": 1000,
    "sum": 149061.0
  },
  "input_sequence_length": {
    "unit": "tokens",
    "avg": 5973.935,
    "p1": 893.0,
    "p5": 1006.5,
    "p10": 1884.0,
    "p25": 3192.75,
    "p50": 6202.0,
    "p75": 7086.25,
    "p90": 9576.0,
    "p95": 12093.899999999998,
    "p99": 15394.539999999999,
    "min": 890.0,
    "max": 16086.0,
    "std": 3106.0048207906884,
    "count": 1000,
    "sum": 5973935.0
  },
  "output_token_count": {
    "unit": "tokens",
    "avg": 149.061,
    "p1": 3.0,
    "p5": 3.0,
    "p10": 3.0,
    "p25": 3.0,
    "p50": 26.0,
    "p75": 306.0,
    "p90": 481.0,
    "p95": 549.05,
    "p99": 720.02,
    "min": 1.0,
    "max": 1644.0,
    "std": 208.77727673049097,
    "count": 1000,
    "sum": 149061.0
  },
  "inter_chunk_latency": {
    "unit": "ms",
    "avg": 29.92101601105099,
    "p1": 21.051282397276026,
    "p5": 21.749198357319724,
    "p10": 22.028633254386108,
    "p25": 22.62930381946021,
    "p50": 24.035256789565413,
    "p75": 26.853763987800694,
    "p90": 41.01997703384157,
    "p95": 42.4695048220479,
    "p99": 168.4979596203062,
    "min": 0.0,
    "max": 233.04303,
    "std": 22.43131864334074,
    "count": 148041,
    "sum": 4429537.1312919995
  },
  "total_output_tokens": {
    "unit": "tokens",
    "avg": 149061.0
  },
  "benchmark_duration": {
    "unit": "sec",
    "avg": 222.99026283100002
  },
  "total_isl": {
    "unit": "tokens",
    "avg": 5973935.0
  },
  "total_osl": {
    "unit": "tokens",
    "avg": 149061.0
  },
  "telemetry_data": {
    "summary": {
      "endpoints_configured": [],
      "endpoints_successful": [],
      "start_time": "2026-06-05T21:54:33.853845",
      "end_time": "2026-06-05T21:58:18.896031"
    },
    "endpoints": {},
    "error_summary": []
  },
  "input_config": {
    "endpoint": {
      "model_names": [
        "Qwen/Qwen3-8B"
      ],
      "type": "chat",
      "streaming": true,
      "urls": [
        "http://localhost:8000"
      ]
    },
    "input": {
      "file": "mooncake_1k.jsonl",
      "fixed_schedule": true,
      "fixed_schedule_auto_offset": true,
      "custom_dataset_type": "mooncake_trace",
      "prompt": {
        "input_tokens": {
          "block_size": 512
        }
      }
    },
    "output": {
      "artifact_directory": "results/N8/on/warmup"
    },
    "tokenizer": {
      "name": "Qwen/Qwen3-8B",
      "resolved_names": {
        "Qwen/Qwen3-8B": "Qwen/Qwen3-8B"
      }
    },
    "cli_command": "aiperf profile --model 'Qwen/Qwen3-8B' --tokenizer 'Qwen/Qwen3-8B' --endpoint-type 'chat' --streaming -u 'http://localhost:8000' --input-file 'mooncake_1k.jsonl' --custom-dataset-type 'mooncake_trace' --isl-block-size 512 --fixed-schedule --fixed-schedule-auto-offset --artifact-dir 'results/N8/on/warmup'",
    "benchmark_id": "e5a55216-2914-405e-820b-a76cc4985cc5"
  },
  "was_cancelled": false,
  "error_summary": [],
  "start_time": "2026-06-05T21:54:33.853845",
  "end_time": "2026-06-05T21:58:16.881536",
  "http_req_waiting": {
    "unit": "ms",
    "avg": 443.39189919899997,
    "p1": 75.86165704999999,
    "p5": 113.94427954999999,
    "p10": 143.5767149,
    "p25": 207.87015674999998,
    "p50": 336.85133099999996,
    "p75": 519.6507007499999,
    "p90": 933.1917537,
    "p95": 1204.4748631499997,
    "p99": 1783.1708152299996,
    "min": 64.070882,
    "max": 2161.395845,
    "std": 352.2279591902893,
    "count": 1000,
    "sum": 443391.899199
  },
  "time_to_first_output_token": {
    "unit": "ms",
    "avg": 443.854868323,
    "p1": 76.21639114,
    "p5": 114.17391454999999,
    "p10": 143.9192971,
    "p25": 208.72577675,
    "p50": 337.11393699999996,
    "p75": 520.0230245,
    "p90": 933.4388766,
    "p95": 1204.7523882499997,
    "p99": 1783.4385325399996,
    "min": 64.350338,
    "max": 2161.965003,
    "std": 352.2705399028373,
    "count": 1000,
    "sum": 443854.868323
  },
  "http_req_chunks_sent": {
    "unit": "count",
    "avg": 1.0,
    "p1": 1.0,
    "p5": 1.0,
    "p10": 1.0,
    "p25": 1.0,
    "p50": 1.0,
    "p75": 1.0,
    "p90": 1.0,
    "p95": 1.0,
    "p99": 1.0,
    "min": 1.0,
    "max": 1.0,
    "std": 0.0,
    "count": 1000,
    "sum": 1000.0
  },
  "http_req_data_received": {
    "unit": "KB",
    "avg": 44.622978515625,
    "p1": 0.9150390625,
    "p5": 0.9150390625,
    "p10": 0.9150390625,
    "p25": 0.9150390625,
    "p50": 7.796875,
    "p75": 91.617919921875,
    "p90": 143.99443359375,
    "p95": 164.41108398437498,
    "p99": 215.456240234375,
    "min": 0.3193359375,
    "max": 491.4521484375,
    "std": 62.478456686706046,
    "count": 1000,
    "sum": 44622.978515625
  },
  "http_req_dns_lookup": {
    "unit": "ms",
    "avg": 0.06754806399999999,
    "p1": 0.0,
    "p5": 0.0,
    "p10": 0.0,
    "p25": 0.0,
    "p50": 0.0,
    "p75": 0.0,
    "p90": 0.0,
    "p95": 0.0,
    "p99": 2.14969122,
    "min": 0.0,
    "max": 3.091093,
    "std": 0.37479567180964873,
    "count": 1000,
    "sum": 67.548064
  },
  "http_req_blocked": {
    "unit": "ms",
    "avg": 0.0,
    "p1": 0.0,
    "p5": 0.0,