{
  "schema_version": "1.1",
  "aiperf_version": "0.8.0",
  "benchmark_id": "63d4a7c3-57f2-432f-a845-eab53a3c3d4c",
  "request_throughput": {
    "unit": "requests/sec",
    "avg": 4.4145417360738906
  },
  "request_latency": {
    "unit": "ms",
    "avg": 5745.21313055,
    "p1": 315.27501948,
    "p5": 441.54212735,
    "p10": 559.6087938999999,
    "p25": 924.64632675,
    "p50": 2008.8245109999998,
    "p75": 11073.36439125,
    "p90": 16893.986123399998,
    "p95": 19163.454039999997,
    "p99": 25660.63870184,
    "min": 212.725789,
    "max": 55803.814521,
    "std": 6944.661424908124,
    "count": 1000,
    "sum": 5745213.13055
  },
  "request_count": {
    "unit": "requests",
    "avg": 1000.0
  },
  "time_to_first_token": {
    "unit": "ms",
    "avg": 573.324382089,
    "p1": 96.61852984,
    "p5": 133.73959365,
    "p10": 174.3214031,
    "p25": 240.9816065,
    "p50": 402.2333195,
    "p75": 719.508836,
    "p90": 1234.0800872,
    "p95": 1680.9823786499992,
    "p99": 2212.4783448199996,
    "min": 76.699485,
    "max": 3026.2201919999998,
    "std": 484.1243567398028,
    "count": 1000,
    "sum": 573324.382089
  },
  "time_to_second_token": {
    "unit": "ms",
    "avg": 117.72201932898695,
    "p1": 20.609629679999998,
    "p5": 22.812094199999997,
    "p10": 23.737757600000002,
    "p25": 28.691074999999998,
    "p50": 156.634546,
    "p75": 168.48497799999998,
    "p90": 186.8029698,
    "p95": 194.728422,
    "p99": 204.85669583999996,
    "min": 18.708911999999998,
    "max": 210.857506,
    "std": 66.90023683565336,
    "count": 997,
    "sum": 117368.853271
  },
  "inter_token_latency": {
    "unit": "ms",
    "avg": 65.11003185065391,
    "p1": 23.05648962181818,
    "p5": 24.308381100000002,
    "p10": 26.324566462174236,
    "p25": 31.101540399999998,
    "p50": 39.16883895374449,
    "p75": 82.91478425,
    "p90": 168.6004845,
    "p95": 177.5172574,
    "p99": 189.39336385999997,
    "min": 21.68548,
    "max": 203.1999965,
    "std": 49.857902291266974,
    "count": 997,
    "sum": 64914.701755101996
  },
  "output_token_throughput": {
    "unit": "tokens/sec",
    "avg": 660.1947166298503
  },
  "output_token_throughput_per_user": {
    "unit": "tokens/sec/user",
    "avg": 23.10026635700361,
    "p1": 5.280016811083636,
    "p5": 5.633255327737169,
    "p10": 5.931181106437406,
    "p25": 12.060575312900243,
    "p50": 25.5304989045227,
    "p75": 32.152748292814465,
    "p90": 37.98733204769955,
    "p95": 41.13807510302681,
    "p99": 43.37175529774255,
    "min": 4.9212599272854805,
    "max": 46.113805182084974,
    "std": 11.581751340113899,
    "count": 997,
    "sum": 23030.96555793258
  },
  "output_sequence_length": {
    "unit": "tokens",
    "avg": 149.55,
    "p1": 3.0,
    "p5": 3.0,
    "p10": 3.0,
    "p25": 3.0,
    "p50": 26.0,
    "p75": 306.0,
    "p90": 480.1,
    "p95": 549.05,
    "p99": 745.1499999999999,
    "min": 1.0,
    "max": 1644.0,
    "std": 210.54316778276134,
    "count": 1000,
    "sum": 149550.0
  },
  "input_sequence_length": {
    "unit": "tokens",
    "avg": 5973.935,
    "p1": 893.0,
    "p5": 1006.5,
    "p10": 1884.0,
    "p25": 3192.75,
    "p50": 6202.0,
    "p75": 7086.25,
    "p90": 9576.0,
    "p95": 12093.899999999998,
    "p99": 15394.539999999999,
    "min": 890.0,
    "max": 16086.0,
    "std": 3106.0044904627875,
    "count": 1000,
    "sum": 5973935.0
  },
  "output_token_count": {
    "unit": "tokens",
    "avg": 149.55,
    "p1": 3.0,
    "p5": 3.0,
    "p10": 3.0,
    "p25": 3.0,
    "p50": 26.0,
    "p75": 306.0,
    "p90": 480.1,
    "p95": 549.05,
    "p99": 745.1499999999999,
    "min": 1.0,
    "max": 1644.0,
    "std": 210.54316778276134,
    "count": 1000,
    "sum": 149550.0
  },
  "inter_chunk_latency": {
    "unit": "ms",
    "avg": 34.81534242865124,
    "p1": 20.348521899149254,
    "p5": 21.684705930941753,
    "p10": 22.043859658131574,
    "p25": 22.695917999119857,
    "p50": 24.000920872291747,
    "p75": 26.13246801652572,
    "p90": 40.739758515176234,
    "p95": 157.48943847221636,
    "p99": 199.08890073687232,
    "min": 0.0,
    "max": 245.99333299999998,
    "std": 37.214110238460485,
    "count": 148552,
    "sum": 5171888.748461
  },
  "total_output_tokens": {
    "unit": "tokens",
    "avg": 149550.0
  },
  "benchmark_duration": {
    "unit": "sec",
    "avg": 226.52407878000002
  },
  "total_isl": {
    "unit": "tokens",
    "avg": 5973935.0
  },
  "total_osl": {
    "unit": "tokens",
    "avg": 149550.0
  },
  "telemetry_data": {
    "summary": {
      "endpoints_configured": [],
      "endpoints_successful": [],
      "start_time": "2026-06-05T21:12:36.248394",
      "end_time": "2026-06-05T21:16:24.804344"
    },
    "endpoints": {},
    "error_summary": []
  },
  "input_config": {
    "endpoint": {
      "model_names": [
        "Qwen/Qwen3-8B"
      ],
      "type": "chat",
      "streaming": true,
      "urls": [
        "http://localhost:8000"
      ]
    },
    "input": {
      "file": "mooncake_1k.jsonl",
      "fixed_schedule": true,
      "fixed_schedule_auto_offset": true,
      "custom_dataset_type": "mooncake_trace",
      "prompt": {
        "input_tokens": {
          "block_size": 512
        }
      }
    },
    "output": {
      "artifact_directory": "results/N4/on/run_2"
    },
    "tokenizer": {
      "name": "Qwen/Qwen3-8B",
      "resolved_names": {
        "Qwen/Qwen3-8B": "Qwen/Qwen3-8B"
      }
    },
    "cli_command": "aiperf profile --model 'Qwen/Qwen3-8B' --tokenizer 'Qwen/Qwen3-8B' --endpoint-type 'chat' --streaming -u 'http://localhost:8000' --input-file 'mooncake_1k.jsonl' --custom-dataset-type 'mooncake_trace' --isl-block-size 512 --fixed-schedule --fixed-schedule-auto-offset --artifact-dir 'results/N4/on/run_2'",
    "benchmark_id": "63d4a7c3-57f2-432f-a845-eab53a3c3d4c"
  },
  "was_cancelled": false,
  "error_summary": [],
  "start_time": "2026-06-05T21:12:36.248394",
  "end_time": "2026-06-05T21:16:22.787400",
  "http_req_dns_lookup": {
    "unit": "ms",
    "avg": 0.06834208,
    "p1": 0.0,
    "p5": 0.0,
    "p10": 0.0,
    "p25": 0.0,
    "p50": 0.0,
    "p75": 0.0,
    "p90": 0.0,
    "p95": 0.0,
    "p99": 2.1861514599999996,
    "min": 0.0,
    "max": 2.6661449999999998,
    "std": 0.3772799926108481,
    "count": 1000,
    "sum": 68.34208
  },
  "http_req_sending": {
    "unit": "ms",
    "avg": 0.356767603,
    "p1": 0.10327981,
    "p5": 0.1516966,
    "p10": 0.1607577,
    "p25": 0.17739049999999998,
    "p50": 0.20109449999999998,
    "p75": 0.236972,
    "p90": 0.3444556000000001,
    "p95": 1.022001299999999,
    "p99": 3.71022209,
    "min": 0.08472199999999999,
    "max": 4.129763,
    "std": 0.6240059708332344,
    "count": 1000,
    "sum": 356.767603
  },
  "http_req_receiving": {
    "unit": "ms",
    "avg": 5173.106292101,
    "p1": 47.48566931,
    "p5": 55.86705575,
    "p10": 164.33496159999999,
    "p25": 372.33791974999997,
    "p50": 1628.8931209999998,
    "p75": 10417.418056749999,
    "p90": 15751.9183367,
    "p95": 18772.232134399997,
    "p99": 24844.617558349997,
    "min": 0.0,
    "max": 54244.581819,
    "std": 6775.526135359015,
    "count": 1000,
    "sum": 5173106.2921009995
  },
  "http_req_connecting": {
    "unit": "ms",
    "avg": 0.12925441099999999,
    "p1": 0.0,
    "p5": 0.0,
    "p10": 0.0,
    "p25": 0.0,
    "p50": 0.0,
    "p75": 0.0,
    "p90": 0.0,
    "p95": 0.7799031499999999,
    "p99": 3.1299732099999997,
    "min": 0.0,
    "max": 3.55001,
    "std": 0.5595286865438948,
    "count": 1000,
    "sum": 129.254411
  },
  "http_req_blocked": {
    "unit": "ms",
    "avg": 0.0,
    "p1": 0.0,
    "p5": 0.0,
    "p10": 0.0,
    "p25": 0.0,
    "p50": 0.0,
    "p75": 0.0,
    "p90": 0.0,
    "p95": 0.0,
    "p99": 0.0,
    "min": 0.0,
    "max": 0.0,
    "std": 0.0,
    "count": 1000,
    "sum": 0.0
  },
  "http_req_connection_reused": {
    "unit": "ratio",
    "avg": 0.931,
    "p1": 0.0,
    "p5": 0.0,
    "p10": 1.0,
    "p25": 1.0,