{
  "schema_version": "1.1",
  "aiperf_version": "0.8.0",
  "benchmark_id": "62484350-34b2-4de8-bc5f-2527a2f76a7f",
  "request_throughput": {
    "unit": "requests/sec",
    "avg": 4.4192857983591285
  },
  "request_latency": {
    "unit": "ms",
    "avg": 5682.027601270001,
    "p1": 306.91671045,
    "p5": 449.96684849999997,
    "p10": 616.8066084000001,
    "p25": 1008.9201822499999,
    "p50": 1858.664871,
    "p75": 10807.590893499999,
    "p90": 16661.669957300004,
    "p95": 19092.76542955,
    "p99": 24556.589871049993,
    "min": 191.22678399999998,
    "max": 55870.473948,
    "std": 6859.356808155915,
    "count": 1000,
    "sum": 5682027.6012699995
  },
  "request_count": {
    "unit": "requests",
    "avg": 1000.0
  },
  "time_to_first_token": {
    "unit": "ms",
    "avg": 585.721116846,
    "p1": 99.54365958,
    "p5": 136.47227105000002,
    "p10": 164.33511239999999,
    "p25": 246.57885075,
    "p50": 398.36105899999995,
    "p75": 750.6766662499999,
    "p90": 1239.7760771000003,
    "p95": 1588.947530999998,
    "p99": 2226.2999174,
    "min": 76.88042999999999,
    "max": 3355.0743049999996,
    "std": 480.54843828738365,
    "count": 1000,
    "sum": 585721.116846
  },
  "time_to_second_token": {
    "unit": "ms",
    "avg": 116.60979226278836,
    "p1": 20.356188879999998,
    "p5": 22.539737199999998,
    "p10": 23.780621999999997,
    "p25": 28.56395,
    "p50": 153.586433,
    "p75": 167.10905499999998,
    "p90": 186.95934519999997,
    "p95": 196.92628699999997,
    "p99": 207.59394575999997,
    "min": 17.122148,
    "max": 210.691754,
    "std": 66.25267520424828,
    "count": 997,
    "sum": 116259.962886
  },
  "inter_token_latency": {
    "unit": "ms",
    "avg": 65.00484684803624,
    "p1": 23.276908182699383,
    "p5": 24.280585303333332,
    "p10": 26.45049018786184,
    "p25": 30.831871464743585,
    "p50": 38.4061109009901,
    "p75": 78.334704,
    "p90": 169.25551149999998,
    "p95": 177.71042739999996,
    "p99": 204.07879003999997,
    "min": 22.084656499999998,
    "max": 209.540931,
    "std": 51.04743127132768,
    "count": 997,
    "sum": 64809.83230749216
  },
  "output_token_throughput": {
    "unit": "tokens/sec",
    "avg": 659.9805604127506
  },
  "output_token_throughput_per_user": {
    "unit": "tokens/sec/user",
    "avg": 23.310113335597755,
    "p1": 4.900068324919098,
    "p5": 5.627135008563909,
    "p10": 5.908228558944519,
    "p25": 12.765734073623358,
    "p50": 26.03752310610081,
    "p75": 32.43397019034363,
    "p90": 37.80648274640801,
    "p95": 41.1852396810074,
    "p99": 42.96107858391467,
    "min": 4.772337295762038,
    "max": 45.28030580869573,
    "std": 11.570301831192229,
    "count": 997,
    "sum": 23240.182995590978
  },
  "output_sequence_length": {
    "unit": "tokens",
    "avg": 149.341,
    "p1": 3.0,
    "p5": 3.0,
    "p10": 3.0,
    "p25": 3.0,
    "p50": 26.0,
    "p75": 306.0,
    "p90": 481.8000000000002,
    "p95": 550.2499999999998,
    "p99": 720.02,
    "min": 1.0,
    "max": 1644.0,
    "std": 209.74284902947227,
    "count": 1000,
    "sum": 149341.0
  },
  "input_sequence_length": {
    "unit": "tokens",
    "avg": 5973.935,
    "p1": 893.0,
    "p5": 1006.5,
    "p10": 1884.0,
    "p25": 3192.75,
    "p50": 6202.0,
    "p75": 7086.25,
    "p90": 9576.0,
    "p95": 12093.899999999998,
    "p99": 15394.539999999999,
    "min": 890.0,
    "max": 16086.0,
    "std": 3106.001453118623,
    "count": 1000,
    "sum": 5973935.0
  },
  "output_token_count": {
    "unit": "tokens",
    "avg": 149.341,
    "p1": 3.0,
    "p5": 3.0,
    "p10": 3.0,
    "p25": 3.0,
    "p50": 26.0,
    "p75": 306.0,
    "p90": 481.8000000000002,
    "p95": 550.2499999999998,
    "p99": 720.02,
    "min": 1.0,
    "max": 1644.0,
    "std": 209.74284902947227,
    "count": 1000,
    "sum": 149341.0
  },
  "inter_chunk_latency": {
    "unit": "ms",
    "avg": 34.35465192002373,
    "p1": 20.294714574585072,
    "p5": 21.667146874615636,
    "p10": 22.03000231614484,
    "p25": 22.67597642033117,
    "p50": 23.976992559060037,
    "p75": 26.02545639233957,
    "p90": 40.4334798553007,
    "p95": 152.979623288418,
    "p99": 199.16574463103743,
    "min": 0.0,
    "max": 246.310373,
    "std": 36.496039760341766,
    "count": 148344,
    "sum": 5096306.484424
  },
  "total_output_tokens": {
    "unit": "tokens",
    "avg": 149341.0
  },
  "benchmark_duration": {
    "unit": "sec",
    "avg": 226.28090728400002
  },
  "total_isl": {
    "unit": "tokens",
    "avg": 5973935.0
  },
  "total_osl": {
    "unit": "tokens",
    "avg": 149341.0
  },
  "telemetry_data": {
    "summary": {
      "endpoints_configured": [],
      "endpoints_successful": [],
      "start_time": "2026-06-05T21:07:37.327755",
      "end_time": "2026-06-05T21:11:25.641593"
    },
    "endpoints": {},
    "error_summary": []
  },
  "input_config": {
    "endpoint": {
      "model_names": [
        "Qwen/Qwen3-8B"
      ],
      "type": "chat",
      "streaming": true,
      "urls": [
        "http://localhost:8000"
      ]
    },
    "input": {
      "file": "mooncake_1k.jsonl",
      "fixed_schedule": true,
      "fixed_schedule_auto_offset": true,
      "custom_dataset_type": "mooncake_trace",
      "prompt": {
        "input_tokens": {
          "block_size": 512
        }
      }
    },
    "output": {
      "artifact_directory": "results/N4/on/run_1"
    },
    "tokenizer": {
      "name": "Qwen/Qwen3-8B",
      "resolved_names": {
        "Qwen/Qwen3-8B": "Qwen/Qwen3-8B"
      }
    },
    "cli_command": "aiperf profile --model 'Qwen/Qwen3-8B' --tokenizer 'Qwen/Qwen3-8B' --endpoint-type 'chat' --streaming -u 'http://localhost:8000' --input-file 'mooncake_1k.jsonl' --custom-dataset-type 'mooncake_trace' --isl-block-size 512 --fixed-schedule --fixed-schedule-auto-offset --artifact-dir 'results/N4/on/run_1'",
    "benchmark_id": "62484350-34b2-4de8-bc5f-2527a2f76a7f"
  },
  "was_cancelled": false,
  "error_summary": [],
  "start_time": "2026-06-05T21:07:37.327755",
  "end_time": "2026-06-05T21:11:23.622824",
  "http_req_blocked": {
    "unit": "ms",
    "avg": 0.0,
    "p1": 0.0,
    "p5": 0.0,
    "p10": 0.0,
    "p25": 0.0,
    "p50": 0.0,
    "p75": 0.0,
    "p90": 0.0,
    "p95": 0.0,
    "p99": 0.0,
    "min": 0.0,
    "max": 0.0,
    "std": 0.0,
    "count": 1000,
    "sum": 0.0
  },
  "http_req_waiting": {
    "unit": "ms",
    "avg": 585.244118374,
    "p1": 99.28745941999999,
    "p5": 136.21084430000002,
    "p10": 164.0106599,
    "p25": 246.26712074999998,
    "p50": 398.089001,
    "p75": 750.3572312499999,
    "p90": 1239.3608741000003,
    "p95": 1588.6824329999981,
    "p99": 2225.8141645499995,
    "min": 76.535116,
    "max": 3352.87866,
    "std": 480.4940274596013,
    "count": 1000,
    "sum": 585244.118374
  },
  "http_req_chunks_sent": {
    "unit": "count",
    "avg": 1.0,
    "p1": 1.0,
    "p5": 1.0,
    "p10": 1.0,
    "p25": 1.0,
    "p50": 1.0,
    "p75": 1.0,
    "p90": 1.0,
    "p95": 1.0,
    "p99": 1.0,
    "min": 1.0,
    "max": 1.0,
    "std": 0.0,
    "count": 1000,
    "sum": 1000.0
  },
  "http_req_data_received": {
    "unit": "KB",
    "avg": 44.7185029296875,
    "p1": 0.9150390625,
    "p5": 0.9150390625,
    "p10": 0.9150390625,
    "p25": 0.9150390625,
    "p50": 7.79638671875,
    "p75": 91.639892578125,
    "p90": 144.44931640625006,
    "p95": 164.88271484374994,
    "p99": 215.37419921875,
    "min": 0.3193359375,
    "max": 490.921875,
    "std": 62.77798717032653,
    "count": 1000,
    "sum": 44718.5029296875
  },
  "time_to_first_output_token": {
    "unit": "ms",
    "avg": 585.721116846,
    "p1": 99.54365958,
    "p5": 136.47227105000002,
    "p10": 164.33511239999999,
    "p25": 246.57885075,
    "p50": 398.36105899999995,
    "p75": 750.6766662499999,
    "p90": 1239.7760771000003,
    "p95": 1588.947530999998,
    "p99": 2226.2999174,
    "min": 76.88042999999999,
    "max": 3355.0743049999996,
    "std": 480.54843828738365,
    "count": 1000,